"PC1","PC2","PC3","cluster"
-0.412776332766446,0.904401590735889,-0.108043795667674,"Day0"
0.993373584994802,-0.0571138518861263,0.099734289776908,"Day4"
-0.856172596053423,-0.516599357084579,-0.00967419386519566,"Day7"
0.925878001971349,0.231523333853735,0.298574733269235,"Day2"
-0.482140954301641,0.828756935816594,-0.284081047451238,"Day0"
0.833012781051361,-0.511972597514414,-0.209699227465008,"Day4"
0.932392592400653,0.298175676162884,0.204292241118446,"Day2"
0.400806963142547,-0.630255596976072,-0.664929816429361,"Day7"
0.946638851038801,0.1787382022777,0.268193103472991,"Day2"
0.717657367215841,-0.637098833560136,-0.28119918128818,"Day4"
-0.802233381645752,0.540909271216017,0.252663336647364,"Day0"
-0.601866575955451,-0.774213273645906,0.195832662388455,"Day7"
0.936719902124837,0.229775657912616,0.264119238212705,"Day2"
0.617451648652571,-0.710502387918435,-0.337549727208339,"Day4"
-0.915341027849979,-0.395433995652777,-0.0760444463233393,"Day7"
-0.384213722889904,0.798932618654969,-0.462694808693802,"Day0"
-0.408125528614371,0.853110674468179,-0.32501650727569,"Day0"
0.864230222514298,0.327192607248095,0.382166351547438,"Day2"
-0.891744469579421,-0.44108953303051,0.101152483041418,"Day7"
0.807815349020431,-0.536480668010148,-0.244177916156199,"Day4"
0.966097861276472,0.0490290536074276,0.253477956318468,"Day2"
-0.583653038342664,0.720460354623163,-0.374547738278639,"Day0"
-0.820720012994014,-0.569498515224966,-0.0457176271001146,"Day7"
0.924293482149398,-0.376570043455769,-0.0622620368110534,"Day4"
0.983006690811401,-0.161946845346095,0.0864353232334242,"Day4"
-0.636674277924931,0.763879602492643,-0.105516902553338,"Day0"
0.965727162669509,0.131491585173083,0.223787868998679,"Day2"
-0.64930082110523,-0.642417636001631,0.407072505416603,"Day7"
0.678812638555209,-0.656743731889519,-0.32848298641108,"Day4"
-0.885229488620369,0.301120896401637,0.35453484769088,"Day0"
0.936005875859734,0.241720619537589,0.25585961472342,"Day2"
-0.779353614306062,-0.60216799810306,-0.173209832078411,"Day7"
0.933755587964115,0.192635709131818,0.301648778404741,"Day2"
-0.390564112711541,0.795041632140616,-0.464078093670702,"Day0"
-0.925631009962215,-0.372074737274807,0.0690479780892505,"Day7"
0.995654055005323,0.00147954009473917,0.0931172041706836,"Day4"
0.415467826499573,-0.809331976781356,-0.415172538233085,"Day7"
0.830081607044084,-0.524186385165201,-0.190244997975114,"Day4"
0.940485088046593,0.176999499197046,0.29010166570702,"Day2"
-0.252850086511124,0.943134887990064,-0.215785580628748,"Day0"
0.564881848473316,-0.746473280622541,-0.351690401606286,"Day4"
0.98722301086138,0.140274148131174,0.0755902784216666,"Day2"
-0.895486917940445,-0.411283212803751,0.170144934286473,"Day7"
-0.83929055362781,0.535101938179534,-0.0962147719824252,"Day0"
-0.100772106451882,0.956356205883597,-0.274276849240292,"Day0"
-0.873411546422506,-0.486931349923591,-0.00708032749503073,"Day7"
0.979597581378174,0.0324971170743866,0.198324269669359,"Day4"
0.958796249754194,0.166938352101297,0.229872438658914,"Day2"
-0.868325366630482,-0.0732672401076629,0.490553737314318,"Day7"
-0.552074531616475,0.814152307073294,-0.179915903765295,"Day0"
0.985514488165437,-0.0482130807666773,0.162593642123554,"Day4"
0.934748900458006,0.264761054084459,0.236951635007305,"Day2"
0.941596528549103,-0.297835841993699,-0.157129846458853,"Day4"
-0.505343040375726,0.839268402851068,-0.200641370409082,"Day0"
0.955570715543818,0.155394770761484,0.250473696852706,"Day2"
-0.665772388162796,-0.679437971332394,-0.308400989414313,"Day7"
0.855127074688352,-0.500635766325994,-0.134616178857242,"Day4"
-0.576850850047327,0.793203190435041,-0.195119951525592,"Day0"
-0.900205181574546,-0.377690877746928,0.216749237445241,"Day7"
0.945619787933959,0.170426904785655,0.277052137318801,"Day2"
0.934866346867792,0.206203598307166,0.288972298913313,"Day2"
-0.353021199918031,0.90550465489747,-0.235451380049994,"Day0"
0.987293792534086,-0.0958563700445904,0.126738011446983,"Day4"
-0.832123938790991,-0.550514251893328,0.0671104235815577,"Day7"
0.918513792538023,0.355867683892424,0.172309618067186,"Day2"
0.987126084352859,0.0377726422872763,0.155419822046065,"Day4"
-0.939111938203689,-0.275275482368211,0.20565061714048,"Day7"
-0.579931268482309,0.78994895969517,-0.199149102214943,"Day0"
-0.822317378338013,0.34842391029112,0.449883215980261,"Day0"
0.993765884227419,-0.0851596831360066,0.071952732497605,"Day4"
0.953286099300068,0.197478391062524,0.22857799094536,"Day2"
-0.231744096381821,-0.945679384361953,0.228002578461234,"Day7"
0.747793453056646,0.396165398953108,0.532783190648826,"Day2"
0.972231260019198,-0.0424832817263788,0.230133760702855,"Day4"
-0.626887651203346,-0.693576822240073,-0.354912756068466,"Day7"
-0.690920265229928,0.716286162904669,-0.0977922283512917,"Day0"
-0.650016783754765,0.745997745216962,-0.144794837505765,"Day0"
0.977163407938277,0.0378915287900296,0.209083491056579,"Day4"
-0.902164569535035,-0.428941070463186,0.0459200124734458,"Day7"
0.963651527421427,0.204963890456647,0.171363757274477,"Day2"
0.978592787017929,-0.0150540218970436,0.205254801700728,"Day4"
-0.478613020453486,-0.876256976362055,0.0557071631769228,"Day7"
0.979648772626489,0.0807074215749138,0.183778655980892,"Day2"
-0.639334404595706,0.768136594348586,-0.0348954369912467,"Day0"
0.641130448898669,-0.701047227537317,-0.312225130726585,"Day4"
0.986746918985434,-0.151508345832071,0.0581011102818346,"Day2"
-0.918990454867184,-0.0853305501070442,0.384935372603551,"Day7"
-0.462169025281711,0.809969419806705,-0.361039237546479,"Day0"
0.891810054848852,0.332473458549325,0.30681627308658,"Day2"
0.671389280090641,-0.682379770591688,-0.289126759859073,"Day4"
-0.9254615293859,-0.344432774725606,0.157756208503913,"Day7"
-0.614640693388827,0.76884820631683,-0.176321449840613,"Day0"
-0.586537567147494,-0.797902074891315,-0.139017844929466,"Day7"
0.969819739023176,0.223062602227201,0.0984517612267435,"Day2"
-0.544202978252111,0.794324870260751,-0.26998355310421,"Day0"
0.994803398871402,-0.0347837438619344,0.095688498560976,"Day4"
0.992769290414744,-0.0528150710823812,0.107794732134594,"Day4"
0.907017247797187,0.315894272367007,0.278443029871705,"Day2"
-0.932737390099983,-0.288797961712914,0.215862684176627,"Day7"
-0.766616855392323,0.628663523878916,0.13069342283577,"Day0"
0.980070328108998,0.0857407578147639,0.179194515568056,"Day2"
-0.746290061361487,0.662211566592093,0.067282875865369,"Day0"
-0.659659253396021,-0.696098794939252,-0.283365730272955,"Day7"
0.979767619429577,0.03755138196328,0.196584093023693,"Day4"
-0.855132975449144,-0.50341587280515,-0.123774202915321,"Day7"
-0.715521793017577,0.692020613620741,0.0955826032334642,"Day0"
0.639334686255701,-0.71227372789986,-0.289684820958848,"Day4"
0.946705903663518,0.193618567237812,0.257409755816322,"Day2"
0.202295673338309,-0.834610322377757,-0.512349558728313,"Day7"
0.724846942334233,-0.638515902523376,-0.258639425481639,"Day4"
-0.343902488006507,0.859417120819126,-0.378329606541568,"Day0"
0.929109323315403,0.117421128880343,0.350668139158463,"Day2"
-0.414141508730627,0.857406250759466,-0.305518136785552,"Day0"
0.964550723342114,0.012570824662952,0.263597944733069,"Day4"
-0.782086151685706,-0.505128663571749,-0.364946961324056,"Day7"
0.965566372213527,0.159588287529286,0.205458412662704,"Day2"
-0.846659651587175,-0.490883997178339,0.205427202893142,"Day7"
0.960032632072809,-0.279814382717316,-0.00642312851199238,"Day2"
-0.353877920993206,0.886791444549909,-0.297273192378008,"Day0"
0.987009928455638,0.122291987053936,0.104192471092672,"Day4"
0.433147174679708,-0.873279353526508,-0.223084503655703,"Day7"
0.851360271394154,-0.480297511035857,-0.210950205461936,"Day4"
-0.436833049737849,0.832408476630999,-0.340988291132686,"Day0"
0.971470925066776,0.00755345040547489,0.237038366381637,"Day2"
-0.76482415207731,-0.635621998931228,-0.105017574119263,"Day7"
0.919536013197253,-0.387245307745462,-0.0670417188206237,"Day4"
0.959892703525995,0.210942628946802,0.184686775407899,"Day2"
-0.419594529616563,0.838135593466222,-0.348524256947603,"Day0"
-0.77977810297226,-0.578425033301876,-0.239521587700789,"Day7"
0.972767403982839,0.110678576546277,0.203651247092126,"Day2"
0.768279981834489,-0.599992223650661,-0.223058739060216,"Day4"
-0.392650630148015,0.917492937454606,-0.0634995461817189,"Day0"
-0.33159281957056,0.903174880003676,-0.272619401619897,"Day0"
-0.872263664060749,-0.483617040255368,0.0725993025720895,"Day7"
0.994455448854532,-0.043626184998658,0.0956823715529412,"Day4"
0.917254137811008,0.219476759500049,0.332377494286153,"Day2"
0.934407986114302,0.319823453361447,0.156826892355146,"Day4"
0.897393266424702,0.338899351184572,0.282546553938073,"Day2"
-0.0687872483644711,0.974324347647148,-0.214383721500502,"Day0"
-0.810654539895549,-0.580312793154153,-0.0779504910078219,"Day7"
0.805705417694957,-0.567220528285969,-0.170586201634192,"Day4"
-0.496881766480966,0.819013317827829,-0.28692454645674,"Day0"
-0.859673469005807,-0.510460423795741,0.0197909682884307,"Day7"
0.931742124487639,0.165808536162308,0.323054396024839,"Day2"
0.759777202219268,-0.610318895202528,-0.224163889033508,"Day4"
-0.725350479898988,-0.639597876688766,-0.254521585421608,"Day7"
-0.270215689090427,0.934731064382494,-0.230784138639889,"Day0"
0.948260540429027,0.177241418291056,0.263414933341725,"Day2"
0.960498859678281,0.195080328126284,0.198458071478243,"Day2"
0.992548322797546,0.0587485972576601,0.10675405955764,"Day4"
-0.29732178643137,0.884858389938525,-0.358643813648946,"Day0"
-0.889297908996835,-0.457319433404349,0.00285742621626852,"Day7"
-0.311529674970679,0.887554850697597,-0.33940484471473,"Day0"
-0.812739378609074,-0.429631314625677,0.393537337429563,"Day7"
0.934466647134536,0.221277654142955,0.278941365111253,"Day2"
0.975768060512051,-0.0532508180744465,0.212228750311906,"Day4"
-0.561293106864932,0.785161038850463,-0.261671915300769,"Day0"
0.98357707924816,0.00146910152414574,0.180482605583949,"Day4"
-0.739697320679581,-0.64985326965988,-0.174752973341835,"Day7"
0.923346192713842,0.24364657458523,0.296762792637042,"Day2"
0.986346486770477,-0.135037763271786,0.0942624555488048,"Day4"
0.982366246955668,0.0221496587028513,0.185650072613999,"Day2"
-0.917503292131042,-0.396045168020686,-0.0365504283992112,"Day7"
-0.283964579157353,0.841417312393076,-0.459761921204007,"Day0"
-0.754814406908652,-0.559874999784605,-0.341753121038168,"Day7"
-0.114428446730139,0.891954948603428,-0.437404275517266,"Day0"
0.931530150576235,0.321261204717912,0.17041953206899,"Day2"
0.966192337118492,-0.24141250361797,-0.0905117163156831,"Day4"
-0.897487462188115,-0.397458840190795,-0.191161516967526,"Day7"
-0.528079282131203,0.827381531697972,-0.191238261833012,"Day0"
0.980846852078152,0.068131035558084,0.182476340280495,"Day4"
0.975746176496294,0.0441794990939601,0.214400491866671,"Day2"
-0.489703457360311,0.842785014941411,-0.223391903254265,"Day0"
0.921440119674571,0.242295184241847,0.30371228086352,"Day2"
-0.857632498228132,-0.510067938056415,-0.0655530056507712,"Day7"
0.94707216149017,-0.315774652583601,-0.0577986999511491,"Day4"
0.969031725425296,-0.245116619529579,0.0299225324741483,"Day4"
0.938403866619347,0.229892944478745,0.25796786077485,"Day2"
-0.441169516477135,0.860164970187179,-0.255901703382804,"Day0"
-0.915635936914594,-0.31418975582183,0.250790008507421,"Day7"
0.977568626923881,0.152777351018966,0.144978138592636,"Day4"
0.410505268250876,-0.757798837725957,-0.507174867555033,"Day7"
-0.529066804992797,0.807687516972263,-0.260248325223995,"Day0"
0.934041873820408,0.261383912993981,0.243401372177761,"Day2"
-0.606600166077392,0.775155949820024,-0.176548837360934,"Day0"
0.946789345864626,0.283473610072086,0.152422593305363,"Day2"
0.97437346367423,-0.128314781136779,0.184747585178548,"Day4"
-0.762754255344032,-0.60161652078204,-0.237199299907661,"Day7"
0.932713730064554,0.276380352202084,0.231644120723403,"Day2"
0.992574178023568,-0.054952223301083,0.108520755043016,"Day4"
-0.903271228326834,-0.333084577779962,0.270473200376815,"Day7"
-0.64921631594502,0.722571000075986,-0.237506473511705,"Day0"
-0.871054119806493,-0.422445628692424,-0.250608082804204,"Day7"
0.940929076737609,-0.331877247643632,-0.0671562733197594,"Day4"
-0.746035868687128,0.661377453993287,-0.0775264211840127,"Day0"
0.920416952773393,0.223176955382439,0.320974577861808,"Day2"
-0.904585529482556,-0.404579829456673,0.13431374258643,"Day7"
0.992584006692417,0.101889387965898,0.0662988859511397,"Day4"
-0.707448181900935,0.701379311996007,0.0870869142240673,"Day0"
0.918444516798165,0.253027381954246,0.304034230876664,"Day2"
-0.891318874668604,-0.45151798266172,-0.0410143266747593,"Day7"
0.929786485650749,0.199813747202082,0.309146498492692,"Day2"
-0.611598226705722,0.764994028387461,-0.201821073285077,"Day0"
0.889229132873417,-0.433439227187458,-0.146294174813387,"Day4"
0.985580157221944,-0.0850040864858317,0.146308096054447,"Day4"
-0.497257539971792,0.78992618101872,-0.358819686586984,"Day0"
0.957759445198492,0.216348783901457,0.189446691281312,"Day2"
-0.933730756155221,-0.106760304342952,0.341685692451996,"Day7"
-0.533139270032027,0.823548997933876,-0.193725493293539,"Day0"
0.939608469306556,0.208116282566375,0.271704871760048,"Day2"
-0.90160071127637,-0.389339943164712,0.188495533322259,"Day7"
0.997680112862232,-0.0480771641447632,-0.0481972892080158,"Day4"
0.912502864626986,0.186750647521644,0.363954279680555,"Day2"
-0.641492207944961,0.756961412643248,-0.124487617516914,"Day0"
-0.917031765495164,-0.388653521029989,0.0894493245576225,"Day7"
0.97176437192547,0.0464069533279793,0.231344764667609,"Day4"
0.950205039437662,-0.2929179640676,-0.106345894860895,"Day2"
-0.782180396683151,-0.464896167028274,0.414807643284218,"Day7"
0.98640802260104,-0.147334433957857,0.0727446047389415,"Day4"
-0.816535483636436,0.485275665659475,0.31269367163626,"Day0"
0.974403607959549,-0.0847350886049686,0.208224814934536,"Day4"
-0.800106088131465,-0.0384666413730157,0.598623892971575,"Day7"
0.966655291272556,0.18495661916114,0.177111820281006,"Day2"
-0.534026027344435,0.828534968249359,-0.168362728971568,"Day0"
0.992830229404996,-0.115651694205537,0.0302129311224795,"Day4"
-0.886711110382272,-0.455758961895069,-0.077634885051548,"Day7"
0.910526382658231,0.314311366784348,0.268607652894463,"Day2"
-0.637848991730128,0.736715346444756,-0.224497576961627,"Day0"
0.900152723976377,0.264894860801933,0.345768399710895,"Day2"
0.941474587892077,-0.322137179649503,-0.0992634768729503,"Day4"
-0.00326692687931459,-0.827762143055607,-0.561069658520895,"Day7"
-0.701007236915162,0.713124028801766,-0.00655540525887242,"Day0"
-0.798711798183989,-0.545928395550591,-0.253024999502532,"Day7"
0.977394889805285,0.107741765035912,0.181909157134711,"Day2"
0.848422055346023,-0.512872306656644,-0.130927510734465,"Day4"
-0.522384896424309,0.820405383750388,-0.232484464644721,"Day0"
0.99097364607696,-0.0281690504920571,0.131063867542935,"Day4"
-0.928503706631788,-0.370151558735975,0.0294735531682109,"Day7"
0.948459335873233,0.210244290859145,0.237112265300727,"Day2"
-0.0913466286891879,0.792046894619103,-0.60358720177896,"Day0"
-0.666129081258738,0.739848007084394,-0.0943237696163562,"Day0"
-0.928508246362628,-0.24079506649341,0.282648496173306,"Day7"
0.932272984866337,0.245232314677896,0.265947727055772,"Day2"
0.978968763772674,-0.200235519148812,0.039062724285557,"Day4"
0.918008845990645,0.322779452617344,0.23037617856665,"Day2"
-0.137143230259742,-0.697091563501945,-0.703743622698164,"Day7"
0.982276488902475,-0.037454524126012,0.183657447363072,"Day4"
-0.737458784202669,0.674317200417643,-0.0380900882544897,"Day0"
-0.592891487550094,0.779919614181753,-0.200512043042862,"Day0"
0.885431012284256,0.302565176097847,0.352797727739504,"Day2"
-0.891810510782755,-0.428962663259811,-0.143753422173012,"Day7"
0.922996310560829,-0.35323499435398,-0.152652708639057,"Day4"
0.971548501286765,0.129336533991013,0.198407587109546,"Day4"
0.911022122775371,0.286129953438992,0.296931543556518,"Day2"
-0.780974198237159,0.585726709606647,0.216802959715034,"Day0"
-0.933736410120354,-0.314226238409029,0.171458996587716,"Day7"
0.79094179287011,-0.590449424506451,-0.160563250438624,"Day4"
-0.777688503170146,-0.597559714561927,-0.195251068037147,"Day7"
-0.789995637904043,0.609862727174617,0.063042415053065,"Day0"
0.873663744210087,0.287983854844953,0.392144056950316,"Day2"
-0.326947938095161,0.854592172723623,-0.403456644628441,"Day0"
-0.888028435231787,-0.435528464063738,-0.147378611779543,"Day7"
0.956256418357728,0.133028101835754,0.260532505595032,"Day2"
0.980734683531633,-0.194114107346326,-0.0218904967336584,"Day4"
0.981309447473305,0.0958273609208297,0.166879852584383,"Day2"
-0.836355251562396,-0.360371310116437,0.413088866987436,"Day7"
0.956305201874396,-0.289207216585994,-0.0428899375442723,"Day4"
-0.594792083076389,0.774869992765695,-0.214006710691373,"Day0"
-0.620495866864734,0.783222423262652,-0.0393384659380767,"Day0"
0.981599929099384,-0.190478916154295,0.0133925984322948,"Day4"
0.918189816921056,0.276722460920505,0.283464529923195,"Day2"
-0.951350690644011,-0.280726210048311,0.126982905948298,"Day7"
0.923088571452957,0.287757028028694,0.255153644052036,"Day2"
0.991091874587659,-0.132838777743789,-0.00952655519352395,"Day4"
-0.824501106766169,0.549660277614117,0.134430294779617,"Day0"
-0.899808464614417,-0.421782561477797,-0.111553564898094,"Day7"
0.962862937154439,0.206422369059543,0.174025198767799,"Day2"
-0.89318256714381,-0.296755685941134,0.337877144258088,"Day7"
-0.543472790703285,0.781273212130406,-0.307000804188884,"Day0"
0.997466383279788,-0.0632207600202101,0.0326182422764519,"Day4"
0.899427176009761,0.233137879810583,0.369699180486692,"Day2"
-0.405702885588912,0.905814971604745,-0.122083601853506,"Day0"
0.957517605960396,-0.287900438658858,0.016533955845749,"Day4"
-0.952192819439614,-0.140855302348315,0.271087842604577,"Day7"
-0.304593440054378,0.915818304827515,-0.261724413875927,"Day0"
0.935945312109057,0.275430417494069,0.219418453782089,"Day2"
-0.6183004958331,-0.71229895144098,0.332166675975517,"Day7"
0.900498799956103,-0.398816998584642,-0.173340453782593,"Day4"
-0.668733061249693,0.71882392097894,-0.189969111752612,"Day0"
0.967575292787159,0.181007293024544,0.176165866897565,"Day2"
-0.885243504007849,-0.290968535848334,0.362879111768895,"Day7"
0.979857000364537,-0.0796714072742831,0.183119430152965,"Day4"
0.958560588695144,0.156304094953644,0.23818192144061,"Day2"
-0.662016436273818,0.725630119555969,-0.187603751818838,"Day0"
0.830270435589546,-0.515131428303302,-0.212815918953787,"Day4"
-0.909205978296301,-0.415180023410246,-0.0311454200699613,"Day7"
0.935130834254536,0.162109931701388,0.315040779693973,"Day2"
-0.938118832646838,-0.261943059208597,0.226536728955316,"Day7"
-0.298272740143771,0.877735369848616,-0.374985323717929,"Day0"
0.857795487764815,-0.404234878754183,-0.317460334481198,"Day4"
-0.315349283679281,0.824106541590545,-0.470535054369636,"Day0"
-0.942658337935205,-0.309280636407936,0.125462129203755,"Day7"
0.985193640336342,-0.138113255008263,0.101578638659165,"Day4"
0.945340864260825,0.247631933157092,0.212153425707621,"Day2"
-0.304429153898695,0.862429685157637,-0.404398229985524,"Day0"
0.986201625629027,-0.163088567183105,0.0284336571834546,"Day4"
-0.890188568203891,-0.431369047739018,0.146577821282209,"Day7"
0.966138147876653,0.0312235167180676,0.256129208059579,"Day2"
0.916009166779282,0.252755162089094,0.311515704922947,"Day2"
0.988893659307382,-0.00647063207717309,0.148483876236367,"Day4"
-0.351295393372073,0.804167147609548,-0.479485917729692,"Day0"
-0.806898115344755,-0.511652147523021,-0.295173696978853,"Day7"
0.959800277621481,0.0935658986403388,0.264629646278255,"Day2"
0.780476048093147,-0.57386253984749,-0.248070400718609,"Day4"
-0.539323195225465,0.781786865116858,-0.312953332978818,"Day0"
-0.939404196734691,0.0879758194731179,0.331330666170947,"Day7"
-0.900913403488032,-0.430666206310079,0.0536810782128523,"Day7"
0.964673600135829,0.208061915515195,0.161601622866623,"Day2"
0.589358496207172,-0.699235698320579,-0.404630697232123,"Day4"
-0.603564774169941,0.749253873992239,-0.272631978477967,"Day0"
-0.390088719313869,0.8864517092439,-0.249066573916762,"Day0"
-0.724584432935058,-0.675827620075498,-0.135034912120043,"Day7"
0.97279655989597,0.00637649708220755,0.231573300143877,"Day4"
0.94575296553215,0.148308784423993,0.289060257818023,"Day2"
0.824394508796303,0.282217703799791,0.490639237656831,"Day2"
-0.902842592662631,-0.322315655348931,0.284583680472383,"Day7"
-0.454542915577394,0.840761998525752,-0.29412582296253,"Day0"
0.976323954642237,-0.0733348680951953,0.203503151605087,"Day4"
-0.64551937780864,-0.574001415095383,-0.50381257263197,"Day7"
-0.392764622069748,0.865046407317973,-0.31213885505761,"Day0"
0.876180876931867,-0.472206639415574,-0.0965813677204641,"Day4"
0.928124060969255,0.213176685658499,0.305190806122328,"Day2"
0.978723247156536,-0.0120562998679899,0.204830298317557,"Day4"
0.916667651148451,0.275537734392703,0.289481215735525,"Day2"
-0.898636809007082,-0.29771124780646,0.322210953300925,"Day7"
-0.647016916994083,0.757637189101034,-0.085761289720687,"Day0"
0.960530494648314,0.244712666914006,0.132275770655478,"Day2"
0.965067438867396,-0.258785658587614,-0.0409245812110445,"Day4"
-0.946412861815286,-0.306604532234748,0.101470960396123,"Day7"
-0.592660025895003,0.772233279706763,-0.228931988633021,"Day0"
0.981090889479228,0.01911025400468,0.192601829619384,"Day4"
-0.921189790340201,-0.386755910856085,0.0427695638375724,"Day7"
0.909434202603968,0.234986787869383,0.343089843424305,"Day2"
-0.607554560803325,0.772159149010253,-0.186138938018996,"Day0"
-0.700283024596966,-0.603691816173874,-0.380998525648085,"Day7"
0.965865983098415,0.128934576208852,0.224674826696663,"Day2"
0.965153149731675,-0.261657381045651,-0.00384870203541598,"Day4"
-0.292968477113749,0.909589936833422,-0.294644901922675,"Day0"
0.983358396011844,0.159736617303097,0.0865475481199633,"Day4"
-0.448570764730223,0.839449410180841,-0.306771831784441,"Day0"
0.933488517933436,0.196753427081085,0.299812067499435,"Day2"
-0.865683719568562,-0.499625844465172,-0.0310759266378729,"Day7"
-0.622863470387943,0.781685273868443,-0.0317683785155195,"Day0"
0.991345941258124,0.126282577293027,0.0358599417634083,"Day4"
0.942253449299539,0.126242332787565,0.310195600702968,"Day2"
-0.857612969778035,-0.50020773286838,0.119550065023714,"Day7"
-0.502985748210054,0.750134021443884,-0.429306751600763,"Day0"
0.917505332585031,0.220773893457351,0.33082148153606,"Day2"
-0.234009197110581,-0.902697046196499,-0.361078576567176,"Day7"
0.722847264009138,-0.638921835619746,-0.263193314662051,"Day4"
0.982318866851458,-0.161939843721372,0.0939421675456015,"Day4"
-0.696055653838567,0.707914355747747,-0.119849037065872,"Day0"
-0.699309956492993,-0.687238888998697,-0.196642554391477,"Day7"
0.935675247804228,0.0875726024170122,0.3418228634138,"Day2"
-0.402530994726863,0.886701531332525,-0.227440525449525,"Day0"
0.958588185013872,0.163418280593006,0.233244843715431,"Day2"
0.535762053036521,-0.733915338555091,-0.417525206855417,"Day4"
-0.863043689980571,-0.504388639382075,-0.0273439142592858,"Day7"
-0.940409430943096,-0.338623357695965,0.0310535636601218,"Day7"
0.911176724808492,-0.411616709673973,-0.0181289956821098,"Day4"
-0.583361757403124,0.787537225694083,-0.198681096598558,"Day0"
0.938537382279139,0.303492410548303,0.164438252253548,"Day2"
-0.366379557866353,0.884467312734906,-0.288935273514934,"Day0"
0.970518707755545,0.198922888540516,0.13609967785121,"Day2"
0.979804151880681,0.0512563297029885,0.193278588112493,"Day4"
-0.829436289394814,-0.528503057125964,-0.180886595532871,"Day7"
0.908067036027821,0.295402537099461,0.296903349854545,"Day2"
-0.623234113318689,0.756470598125218,-0.19832164321612,"Day0"
0.951682224636729,-0.296831549289149,0.0786891012598936,"Day4"
-0.616784922787788,-0.687380833491072,-0.383515252331352,"Day7"
0.866334851362425,0.335617123635522,0.369898731597533,"Day2"
-0.659874478593532,0.750596109344801,0.0342221147412173,"Day0"
-0.94298121452644,-0.328133765664393,0.0558091469308261,"Day7"
0.973627589300797,0.118752476060433,0.194800325415117,"Day4"
0.956538871241251,0.162412623301664,0.24218903277561,"Day2"
-0.754011209266534,0.656846876597174,0.00439055861545793,"Day0"
0.986072360725434,-0.123131425584521,0.111803181738682,"Day4"
-0.897851702750639,-0.440246974501392,0.00670233617102635,"Day7"
0.962382701670011,0.0465975722746091,0.267671817314491,"Day4"
0.948213736611766,0.209267715452946,0.238951319246947,"Day2"
-0.792179516154721,-0.556349966674295,-0.250851208421213,"Day7"
-0.667964608182604,0.744155418194728,-0.0074830332679564,"Day0"
0.921026714045999,0.350020626031662,0.17086647818116,"Day2"
-0.656445798480278,0.719075066460469,-0.22805692809573,"Day0"
0.9836623731595,-0.167024791777862,0.0671643846229652,"Day4"
0.362951064971086,-0.71130742656432,-0.601920484242561,"Day7"
-0.646079288760613,-0.750611477434384,0.138433964684796,"Day7"
-0.898992918883474,0.292723346133149,0.325767976366591,"Day0"
0.953936211059515,0.198724993973179,0.22475338039677,"Day2"
0.978640943564332,-0.0237190726857088,0.204204087056169,"Day4"
-0.286545884251079,-0.957405303878788,0.0355884858280531,"Day7"
0.975838839670432,-0.19810014111395,0.0921677442563228,"Day4"
-0.694322406439263,0.717797053132021,-0.0518052741656394,"Day0"
0.914140300434813,0.340724852746251,0.21966812659554,"Day2"
-0.680791898762338,0.729674903632081,0.0640072307562494,"Day0"
0.939253841387311,0.190455575723304,0.285532651574359,"Day2"
-0.763902724785797,-0.618280572046128,-0.184883101702529,"Day7"
0.959437882015338,-0.281900256916244,0.0033459982781365,"Day4"
-0.0608408358202674,-0.988563836202322,-0.137985268958831,"Day7"
-0.620486450315886,0.778946663833076,-0.0907670638376748,"Day0"
0.988863378559912,0.0122754750643099,0.148319018520964,"Day2"
0.954746200016261,-0.296429676064358,0.0242722208067226,"Day4"
0.991450994199799,-0.0362269988433174,0.1253496336454,"Day4"
-0.44312341829631,0.871758754947361,-0.208993562891348,"Day0"
0.981465351118236,0.18603276075131,0.0460171324791508,"Day2"
-0.860513118204206,-0.500374698117334,-0.0956155577427679,"Day7"
0.563732002015464,-0.742565524951837,-0.361666519125892,"Day4"
0.945597265913041,0.198970960491615,0.25740312270605,"Day2"
-0.524671957744527,0.796845583785767,-0.299593812281971,"Day0"
-0.74608288346767,-0.594064344078462,-0.300745550409634,"Day7"
0.984928795987681,-0.0836687189232374,0.151376392835876,"Day4"
0.9842836537872,0.0883591999277073,0.152899773300863,"Day2"
-0.559286585119788,0.796253608944624,-0.230605086560785,"Day0"
-0.967611716278091,-0.251970127833597,-0.0154473687367045,"Day7"
0.966522133056271,0.0753479464185897,0.245270571579344,"Day2"
0.904178465544033,-0.404076542346502,-0.138504333404168,"Day4"
-0.543581789942675,0.441487734779217,-0.713867927338267,"Day0"
-0.858236501277767,-0.497788427299639,-0.125047149192016,"Day7"
0.980292344125126,-0.176939521499428,0.0878596937236817,"Day4"
0.970154569485601,0.00599093572524374,0.242413324706676,"Day2"
-0.414276771919575,0.863233307719605,-0.288449324303882,"Day0"
-0.932202226513132,-0.32988269982402,0.14891747124087,"Day7"
0.964817916282301,0.129661431376778,0.228723198722834,"Day2"
-0.40236831549558,0.868168675176553,-0.290487332129023,"Day0"
-0.887844197795479,-0.460140637589305,0.00180944185054179,"Day7"
0.80201084491403,-0.564405223586238,-0.19551303851368,"Day4"
0.888024081879292,0.213217314061565,0.407371583430673,"Day2"
-0.569738627244365,0.7896092561324,-0.227848895664966,"Day0"
0.984178781510019,0.0541290408792283,0.168707358935375,"Day4"
-0.825102296269882,-0.545321621126413,-0.147751582807863,"Day7"
-0.412955040548964,0.89280571834157,-0.179905763614724,"Day0"
0.968679803288025,-0.202020798673378,0.144385025557513,"Day4"
0.936917414959184,0.218277379243536,0.273021506949131,"Day2"
-0.89275269432029,-0.435140043957333,0.116815105738398,"Day7"
-0.971255628764089,-0.150943885905795,0.184060986908504,"Day7"
-0.345786481974953,0.88604009207869,-0.308811696851937,"Day0"
0.877891115687349,0.349820918488685,0.327005373021537,"Day2"
0.913768791199277,-0.398888915895714,-0.076904024639509,"Day4"
-0.478458789677793,-0.876763754111954,-0.0486056175310428,"Day7"
0.900275187869628,0.181501784093869,0.395678769302888,"Day2"
0.990431126880473,-0.0785925404121181,0.113443358103708,"Day4"
-0.447586200992452,0.768309984321405,-0.457565690008753,"Day0"
0.665314965168123,-0.659554223664242,-0.349777390878825,"Day4"
-0.886818644492729,-0.429294637049751,-0.171052057515839,"Day7"
-0.68640794701656,0.0127825509462403,-0.72710435060163,"Day0"
0.902239354066684,0.249141186119275,0.351984115198986,"Day2"
0.852990589031018,-0.500166680460168,-0.149131977731045,"Day4"
-0.578238294337273,0.800612099460324,-0.157037387776461,"Day0"
0.92723171959002,0.3019899709724,0.221457435229037,"Day2"
-0.933350396968369,-0.355196419681762,0.0518896899609643,"Day7"
0.963755343925021,0.121048952313028,0.237745216986342,"Day2"
-0.730256535955227,0.682076745802816,0.0386872657306442,"Day0"
-0.886748857235439,-0.42405052876292,0.18400438377259,"Day7"
0.979385449271104,-0.131213314494861,0.153581274429245,"Day4"
-0.484835782277537,0.825177550792538,-0.289855608693978,"Day0"
0.972739671799814,-0.223373407436759,0.06230450831907,"Day4"
0.06046602620361,-0.909773916673833,-0.41067661269556,"Day7"
0.874159533672134,0.341240447813745,0.345543147039545,"Day2"
0.961669603075615,-0.111251630297356,0.250628508507253,"Day4"
0.872186437964004,0.30154397867626,0.385177941159348,"Day2"
-0.80785126337507,-0.578620626569218,-0.112136108243278,"Day7"
-0.569293097910985,0.681377237877887,-0.460033073129329,"Day0"
0.989277490170531,-0.130168568073667,0.066228327228954,"Day4"
0.967591151430898,0.139587013027567,0.210434858012333,"Day2"
0.0312513154899322,-0.7963138630781,-0.604075812088004,"Day7"
-0.669554970147648,0.742230705700894,-0.0281019832989517,"Day0"
0.978045940083422,0.00300307017386739,0.208367753397365,"Day4"
0.961306693338551,0.14820552114616,0.232216633435884,"Day2"
-0.809290902845642,-0.584839385944227,-0.0548737388890684,"Day7"
-0.624227853373448,0.761862555737388,-0.172930718029138,"Day0"
0.0912695654486062,0.852306457011882,-0.515018028576355,"Day0"
0.991255766544813,-0.12509582179971,0.0419885777314566,"Day4"
-0.896067336319492,-0.432517064700465,0.099961580240536,"Day7"
0.943892214421548,0.222528338861503,0.244025871493017,"Day2"
0.959614676752871,0.165591853618869,0.227418139504197,"Day2"
0.975728739826837,0.00714314636347929,0.218866173119472,"Day4"
-0.514132569825142,0.813216848414491,-0.272664735709988,"Day0"
-0.850826769888064,0.203590795051884,0.484401275609371,"Day7"
-0.915629813626515,-0.393140407864668,-0.084039657913841,"Day7"
0.947498613468383,0.222271136707252,0.229873702850841,"Day2"
0.967528916634774,0.236384633170533,0.0894991657859088,"Day4"
-0.149281142201239,0.901157975901765,-0.406975973555844,"Day0"
0.935667021240644,0.283090624011719,0.210682044700813,"Day2"
0.909470314026709,-0.388834391229698,-0.147212649256749,"Day4"
-0.917894759754261,-0.378576418426615,0.118950012303249,"Day7"
-0.0550573437492168,0.862739716975349,-0.502641890069436,"Day0"
0.967743293099907,-0.222381576857006,0.118403348494622,"Day4"
-0.954355624229455,-0.288271500226375,0.0781337613253201,"Day7"
-0.603594737793324,0.758980274593751,-0.244176852477468,"Day0"
0.89083751057706,-0.439993437747282,-0.113200284841495,"Day2"
0.967129510723251,0.239626461933841,0.0850862399526157,"Day2"
0.987806838789373,-0.0581039217423715,0.144435395658755,"Day4"
-0.655216734853311,0.75389404516023,-0.0483197582786932,"Day0"
-0.603242831154386,-0.64458892514478,-0.469684153704954,"Day7"
0.988061907856564,-0.0193662484085228,0.152835253346293,"Day2"
0.970076554417236,-0.0646643063253265,0.234029925559635,"Day4"
-0.449008477730643,0.888984600744133,-0.0899875911768116,"Day0"
-0.935410532765614,-0.319733799099082,0.15092194308588,"Day7"
-0.934802629330257,-0.35212036053853,-0.0464251644203256,"Day7"
0.981459054883594,0.0960164334493399,0.165888420616603,"Day4"
-0.278061343437019,0.817685842252461,-0.504055307149805,"Day0"
0.959410131448074,0.147726997027524,0.240226838683813,"Day2"
-0.64178547139541,0.766120755714181,-0.034211056249455,"Day0"
0.960691879195583,0.230503947978781,0.154722471586565,"Day2"
-0.786857136946952,-0.585765004796391,-0.194255515215216,"Day7"
0.983441168237419,0.00612133293591045,0.181124260934058,"Day4"
0.901804078796603,0.236508872725079,0.361680738480946,"Day2"
0.561672785067995,-0.742573993901262,-0.364839068762504,"Day4"
-0.449725137767772,0.876491513286644,-0.171784538292148,"Day0"
0.430222165753967,-0.753777668606897,-0.496717338537239,"Day7"
-0.774243782737636,-0.631299829893401,0.0448005543345129,"Day7"
0.981934725175704,0.124160358115721,0.142787958059108,"Day2"
0.91451644103357,-0.396812502103326,-0.0787370132389561,"Day4"
-0.63977930273048,0.713975053856123,-0.284468040856696,"Day0"
-0.593626849470059,0.75070108485874,-0.289922480639502,"Day0"
-0.928199956463683,-0.341610139166915,0.147469839761148,"Day7"
0.945456535835862,0.14440147790693,0.291993410924879,"Day2"
0.923884506820619,-0.377806709325636,-0.0608235846144971,"Day4"
0.947317892271037,0.170852341379832,0.270921184901051,"Day2"
0.739901015296312,-0.638253387381073,-0.212553760399747,"Day4"
-0.590374900709374,0.743564332891787,-0.313957894411954,"Day0"
-0.917508333758068,-0.397694194290455,-0.00421726358665274,"Day7"
0.970553203685431,0.172805406705025,0.167823628340759,"Day2"
0.944319972040026,-0.324818565992148,-0.0524660804056249,"Day4"
0.27975021329352,-0.735347331872683,-0.617255311576949,"Day7"
-0.127494706047171,0.959827847406691,-0.249951201782634,"Day0"
0.990238828621719,0.0306377847466964,0.135972013428137,"Day4"
0.967858448563273,0.0856549536529527,0.23645983265537,"Day2"
-0.904384959560549,-0.405101237232805,0.134092626617256,"Day7"
-0.350327634792402,0.827787632145713,-0.438221615586629,"Day0"
0.859499531184211,-0.480225711158115,-0.175053769558967,"Day4"
-0.747155765200716,-0.609098306225264,-0.266002849384825,"Day7"
-0.41169029575044,0.896960424280824,-0.161161712757342,"Day0"
0.902523210874937,0.348056017380922,0.253591921395231,"Day2"
0.95420683177241,0.225309212237504,0.196786892550735,"Day2"
-0.66473719033444,0.746728637172061,-0.0228212666920713,"Day0"
-0.914952678019659,0.363413650714107,0.175476823139979,"Day7"
0.978741158585559,0.0322134943597363,0.202553783651977,"Day4"
0.934625362462994,0.138419463133647,0.3275904212072,"Day2"
0.46253633543457,-0.657583994174395,-0.594679265662095,"Day7"
-0.569589426701445,0.76124941560225,-0.309947111996793,"Day0"
0.969748007890732,-0.165931196856726,0.179040886675787,"Day4"
-0.596212512304982,0.75074277464285,-0.284457248971681,"Day0"
0.578124048334439,-0.751314606941304,-0.318274953670617,"Day4"
-0.822398923854327,-0.545720803330243,-0.160775666242871,"Day7"
0.928955342431828,0.234328893448258,0.286586708454317,"Day2"
0.988063710501944,0.019652111397068,0.152787101899238,"Day4"
-0.922338268485582,-0.384563401647028,0.0374580912578832,"Day7"
0.88002846002255,0.34294859945619,0.328536402368714,"Day2"
-0.696811218616866,0.682729554312975,-0.219851043384572,"Day0"
0.996987647248137,0.0543570883564405,0.0553257460865544,"Day4"
0.0863260374453462,-0.807714126344466,-0.583220117419299,"Day7"
0.765737374597916,-0.512491594109205,-0.388585433478015,"Day2"
-0.739575806655884,0.670911586960893,0.0539005444398707,"Day0"
0.697908572929423,-0.637819962714672,-0.325744253969691,"Day4"
0.971935777667069,0.203957178303385,0.11722761410705,"Day2"
-0.906853509467992,-0.371615393780477,0.198793137383985,"Day7"
-0.431345025458901,0.81974348056681,-0.376778575664901,"Day0"
-0.626227078341554,0.774623034023159,-0.0883108233035909,"Day0"
-0.878790135307451,-0.465720357021079,0.104079042763038,"Day7"
0.958235055271481,0.170985612141553,0.229236775604265,"Day2"
0.657791491839558,-0.693806967774195,-0.293159077518445,"Day4"
-0.594154944672151,0.781430541741966,-0.190646820467822,"Day0"
-0.534005329314073,-0.843896946673147,-0.051732501001856,"Day7"
0.943643707979148,-0.300170673163722,-0.139406310344273,"Day4"
0.81390781326954,0.320220376282162,0.484781375583372,"Day2"
-0.865815419525956,0.114300227102926,0.48713357243708,"Day7"
0.846534521294884,-0.490919173470565,-0.205858372127585,"Day4"
0.985796387709024,0.0712810196270017,0.152067413408578,"Day2"
-0.243536756571718,0.878605138918595,-0.410783225149671,"Day0"
0.914791573141607,0.262990033020854,0.30658215903864,"Day2"
0.563138852231966,-0.687327727824363,-0.458753994719025,"Day7"
-0.638588305167105,0.76810860534668,-0.0470547223579325,"Day0"
0.961785358525457,-0.240156422470014,-0.131505957555016,"Day4"
-0.853319409373273,-0.511620832962462,-0.10044953392448,"Day7"
-0.439964935569187,0.86913368353088,-0.225914797261367,"Day0"
0.992416355310748,0.102085023885192,0.0684720790548363,"Day4"
0.925258952638033,0.370850549319022,0.079785591637531,"Day2"
-0.790662549210956,0.598287163212227,0.130020012346943,"Day0"
-0.765341206370557,-0.511630718574086,-0.39049564100336,"Day7"
0.901904231735888,0.297848516348074,0.312817867274471,"Day2"
0.926139296395089,-0.373282848664939,-0.0540917606054618,"Day4"
-0.770730379417142,-0.608878162131733,0.187728702980103,"Day7"
0.989631249901848,0.089059470607214,0.112687177233561,"Day4"
-0.636849855049896,0.761383328282397,-0.121316485015624,"Day0"
0.926689126532261,0.203607968553858,0.315897226813162,"Day2"
0.963332101059326,0.224505470221973,0.146930449223555,"Day2"
0.982838542081928,0.026050345195142,0.182619220547792,"Day4"
-0.862620352714581,0.399033485633005,0.310899347741591,"Day0"
-0.907548456883428,-0.306760253930123,0.286799485733909,"Day7"
-0.784816539085773,-0.576848385873519,-0.226514767051831,"Day7"
0.988570576854755,-0.12709419215512,0.0810881057707908,"Day4"
-0.460292864705612,0.795704943412025,-0.393680227762035,"Day0"
0.884189666169287,0.317908508310606,0.34226132498892,"Day2"
0.965375682652781,0.0949936060591912,0.242952682945771,"Day2"
0.704171089172902,-0.635359565625507,-0.316956305413246,"Day4"
-0.742597839724567,0.664052033914243,0.0870824017282639,"Day0"
0.172229047539693,-0.758903431269297,-0.628014917968719,"Day7"
0.933684184676373,0.209539736333618,0.290391016015398,"Day2"
-0.477835537788702,0.849998721482321,-0.221755208066467,"Day0"
0.979324153391746,-0.173492374354348,0.104041331327652,"Day4"
-0.789698558486331,-0.607057540203905,0.088641579443254,"Day7"
0.953184234796051,-0.300583576553293,0.0330049699696431,"Day4"
-0.345500744539103,-0.858332693615671,-0.379333919645201,"Day7"
0.907518757342073,0.282796877010978,0.310540869170448,"Day2"
-0.534594044428039,0.797323165060786,-0.280151705544555,"Day0"
-0.74630890998576,-0.659077964528583,0.0929475526774472,"Day7"
0.938478323555855,0.217107904800828,0.268556500365912,"Day2"
-0.49927003647944,0.796439114063444,-0.341195205510943,"Day0"
0.978157135624253,-0.203637463201161,0.041718120863152,"Day4"
-0.939760051351947,-0.332452429716835,0.079538844964948,"Day7"
0.975705462285007,-0.0925794434679722,0.198564592801338,"Day4"
0.952806045483032,0.233702304780837,0.193762412327857,"Day2"
-0.544300160681546,0.791350833614841,-0.278390361218094,"Day0"
0.984159701346645,0.0385668966589024,0.173038367789875,"Day4"
-0.270609660184383,0.798034011209588,-0.538434888141201,"Day0"
0.965639440470261,0.172761055686824,0.194149655282352,"Day2"
-0.421578291594387,-0.636291119675381,-0.646069156575832,"Day7"
0.653146826939573,-0.681512532920968,-0.33006043375481,"Day4"
0.920215849303309,0.142294388446561,0.36463008338261,"Day2"
-0.413960563546492,0.839597856845258,-0.35172729579764,"Day0"
-0.885056849609014,-0.450486696512331,0.117201148567638,"Day7"
0.870274843205287,-0.475577134705256,-0.128250092512839,"Day4"
0.969926228695135,0.170907168388959,0.17330277171038,"Day2"
-0.913153275555518,-0.302838808332615,-0.272836492262143,"Day7"
-0.355413277188864,0.911300883506928,-0.207875208039256,"Day0"
-0.412842342988798,0.879641666428501,-0.236202748752865,"Day0"
0.972164350772646,-0.00328076040673109,0.234276997799514,"Day4"
-0.889258619193234,-0.205603139294792,0.408590818916272,"Day7"
0.945406343187351,0.314804931906527,0.0842893890620107,"Day2"
-0.890853252353646,-0.442387964364652,0.103312011674494,"Day7"
0.981777087861616,0.00665575344781628,0.18991959007961,"Day4"
-0.689981972614281,0.714075244153374,-0.118412090407209,"Day0"
0.99503096830437,0.0268621082623765,0.0958738715968403,"Day2"
0.93207569093916,-0.350290817456196,-0.0923647636610242,"Day2"
-0.791305720262114,0.608124709363147,0.0634002755707361,"Day0"
-0.909557345166932,-0.393377232951132,0.134014135256669,"Day7"
0.971613331656401,0.075872515963661,0.224077877241132,"Day4"
-0.344143013979342,0.873673612383597,-0.34388952434439,"Day0"
-0.920497299314273,-0.325662584656113,0.215936571497813,"Day7"
0.978460587753919,-0.192473304364526,0.0746250984539115,"Day4"
0.954901715360996,0.171682574413537,0.242255665864325,"Day2"
0.960906328115477,-0.0547992817310243,0.271396513075234,"Day4"
0.93706712511074,0.173723590066174,0.302861878240252,"Day2"
-0.705045614227464,0.709157539010562,-0.00250334238618252,"Day0"
-0.900695361557567,-0.430351741742872,0.0595419519965597,"Day7"
-0.86208629196793,-0.505834227906077,0.0306424391922036,"Day7"
0.995774017055314,-0.0500088442932408,0.0770274136264305,"Day4"
0.953222937218625,0.246523431610867,0.174906345302561,"Day2"
-0.783833642816554,0.61811222773262,0.0595154964387242,"Day0"
-0.793332205413675,-0.230322358433214,0.563538484097792,"Day7"
0.92828182898507,0.329811777757243,0.171805230504606,"Day2"
-0.694391484751587,0.685264596120151,0.219619897114931,"Day0"
0.98256902986999,-0.0344522840321555,0.182677698872396,"Day4"
0.973451895999433,-0.043197250673497,0.224778565947379,"Day4"
-0.877326943648876,-0.470315465382042,-0.095398097309093,"Day7"
0.994623458071123,-0.00981915120272869,0.103091032220557,"Day2"
-0.561490936960973,0.802448943195709,-0.20199906255916,"Day0"
0.978304590471638,-0.0272819849534416,0.205367528005577,"Day4"
-0.955364703922287,-0.262122746339004,0.136271597742082,"Day7"
0.994333368490675,0.0609083935109316,0.0871281808940403,"Day2"
-0.738499743025762,0.654143667810826,0.163444765636236,"Day0"
-0.884549908791968,-0.465471401829002,0.0301302661034368,"Day7"
0.988859992776491,0.132132812483287,0.0685334557083929,"Day2"
-0.31679629021483,0.891009411035164,-0.32518047289604,"Day0"
0.979027099788589,-0.102546702616523,0.176040085384046,"Day4"
0.890767194098788,0.372528045382521,0.260301097425366,"Day2"
0.851564057248579,-0.518749315648967,-0.0757482931561339,"Day4"
-0.919231789859509,-0.372237296850382,0.128266563629048,"Day7"
-0.633355968915228,0.754986085498527,-0.169871208105036,"Day0"
0.973509834620989,0.0985191037104628,0.20633125817554,"Day2"
0.984330134127671,-0.157824544736935,0.0786485862986716,"Day4"
-0.943457051269344,-0.330214936724296,0.0291013397341836,"Day7"
-0.444468398902316,0.859372684515206,-0.252836768462065,"Day0"
-0.378097366955922,0.850751032356061,-0.36505487539012,"Day0"
0.933917256879277,0.286543514012611,0.213755401991131,"Day2"
0.981555861605567,-0.112383265299172,0.15465475171636,"Day4"
-0.878429618571842,-0.468891641966212,0.0922064710850452,"Day7"
0.977902321524961,-0.000805625780785248,0.209060757970483,"Day4"
0.176622140134691,-0.794152697585832,-0.581486124109069,"Day7"
-0.535270963194747,0.834985588049349,-0.12760902675928,"Day0"
0.86846405856158,0.355266941192735,0.345768100729818,"Day2"
-0.912600125151174,-0.244293241735815,0.327844206317984,"Day7"
-0.554611821374588,0.824870757883696,-0.109516941063652,"Day0"
0.937097427615314,0.217597563156955,0.272946353089606,"Day2"
0.982458852225574,-0.186270782362274,-0.00882039238096843,"Day4"
0.843134367260261,-0.513565997118783,-0.159293456701868,"Day4"
0.956225426083552,0.157570454583638,0.246585657234226,"Day2"
-0.965210262919609,-0.135193897861806,0.223811881578238,"Day7"
-0.55484330856237,0.789063257286075,-0.263681775905449,"Day0"
-0.902197888461912,-0.430166541586338,-0.0315549766996758,"Day7"
-0.653479052987262,0.719988750790885,-0.23362646691129,"Day0"
0.975607431594227,-0.164791096633969,0.145031147993418,"Day4"
0.961540670335951,0.164862030326652,0.219681702120283,"Day2"
0.912028550303308,0.250330426964101,0.324867050911009,"Day2"
-0.94934710185858,-0.314201846500634,0.00415690369241436,"Day7"
0.959087592872795,-0.283088888652274,-0.00341618487322238,"Day4"
-0.7004537668259,0.704147342723658,-0.11636597558831,"Day0"
-0.919523008889405,-0.389845645781361,0.0499780810785069,"Day7"
0.956893609375333,0.277872428491356,0.0845075962323209,"Day2"
0.990594583045433,-0.0511643090931927,0.126903843582694,"Day4"
-0.399963554792424,0.778192985131124,-0.484195035838366,"Day0"
-0.628729616356584,0.748725431683906,-0.210022135656821,"Day0"
0.924631091835087,0.242138795298428,0.293983244119934,"Day2"
0.812124054862013,-0.561001778991072,-0.160410484331087,"Day4"
-0.931739063313882,-0.319205445998405,0.173119037485567,"Day7"
0.980838559405323,-0.00171849597399143,0.194814699535939,"Day4"
-0.644750649454551,0.752957255402906,-0.131726882465415,"Day0"
0.293050139466788,-0.715847303635995,-0.63378565275302,"Day7"
0.928873768340705,0.278013474286776,0.24474891338581,"Day2"
0.831050811038918,-0.513538694710826,-0.213617786025083,"Day4"
-0.689527739161925,0.706597493261036,-0.158970058323775,"Day0"
-0.927650176090297,-0.307723182991343,0.211592990076035,"Day7"
0.88310685823856,0.306196053461842,0.355480314189705,"Day2"
0.983217229851514,0.0874526567549117,0.160112184888043,"Day4"
-0.107730919902217,0.973220232649918,-0.203067544570426,"Day0"
-0.891932503769589,-0.426091400054462,0.151335810431439,"Day7"
0.943863970128777,0.241086629755534,0.225827462559054,"Day2"
-0.366587145867009,0.924247099739427,-0.10668253422345,"Day0"
0.932824486153879,-0.360282267784084,0.00593005498360233,"Day4"
-0.930160863323444,-0.207628443792789,0.302805544317752,"Day7"
0.956284421969182,0.192842048387325,0.219845510922666,"Day2"
0.899561858573063,0.333671760687912,0.2818716351817,"Day2"
0.991673927176606,-0.082857093596292,0.0985775035132379,"Day4"
-0.420598283515585,0.838847400649652,-0.345589528671032,"Day0"
-0.913898926143955,-0.355656653469962,0.195696442572352,"Day7"
0.992556704564611,0.0520724054943786,0.110089294710556,"Day2"
0.987133750967952,0.12789073923557,0.0959735198777325,"Day4"
-0.320097368410303,0.7980921175527,-0.510476881589212,"Day0"
-0.80678418086162,-0.58522166731974,-0.0813319470500283,"Day7"
-0.51559421433512,0.760957558872376,-0.393835244409569,"Day0"
-0.263613325650113,-0.964626467818281,0.00194733769935322,"Day7"
0.971899557172401,0.0452120603777547,0.231013247162341,"Day4"
0.850115113313421,0.295205547328881,0.43607107097624,"Day2"
-0.946034749838219,-0.284374156833291,-0.155401386814577,"Day7"
0.974533923138813,-0.221213928068295,0.0367155373141883,"Day4"
0.907939304515714,0.225770282575588,0.353092054316236,"Day2"
-0.795500270429275,0.604115686956687,0.0471546023183447,"Day0"
-0.743710109320463,0.595657329404984,-0.30345941939684,"Day0"
0.994626880092833,0.0434269751902849,0.0939758863891116,"Day4"
-0.896459658522024,-0.435477217111191,0.0819736178271359,"Day7"
0.921391349828346,0.265661565874659,0.283658091508991,"Day2"
0.990316995338524,0.0219319589174811,0.137081136272352,"Day4"
0.874362079765641,0.355573872591916,0.33023957152027,"Day2"
-0.589033002191168,0.782217007376324,-0.202920367880817,"Day0"
-0.708774703289017,-0.63532023472934,-0.306604989067403,"Day7"
-0.898705871476529,-0.289028977979526,0.329833301019959,"Day7"
0.791088617058159,-0.534823015578312,-0.296889107191102,"Day4"
-0.629916493512118,0.76840377790482,-0.11296391150716,"Day0"
0.87724729090254,0.372743698012419,0.302488555479674,"Day2"
0.959993679885915,0.227255987414439,0.163605778514662,"Day2"
-0.550024004838665,0.831918432859757,-0.0733847066451994,"Day0"
-0.762455728345803,-0.577897003958268,-0.291026313464484,"Day7"
0.982818305280511,-0.162838699082082,0.0869007300705822,"Day4"
-0.631919076262905,0.752867866379011,0.184033303586477,"Day0"
-0.778526753487317,-0.58023379291148,-0.239217139160335,"Day7"
0.94195299320417,0.126225570514372,0.311113586881103,"Day2"
0.966602289839568,0.100365500695942,0.235810897854525,"Day4"
0.89238718482393,-0.442426652902856,-0.0889031448442456,"Day4"
-0.44756461140464,0.777912564145245,-0.441064577089551,"Day0"
-0.777906104260295,-0.594342440308879,-0.204007736623536,"Day7"
0.963502066836251,0.176773683217916,0.201034405323676,"Day2"
-0.38241300846331,0.902123701058229,-0.199832727417316,"Day0"
-0.904578672086486,0.0960936485786548,0.415335330436854,"Day7"
0.942889604081042,0.185000921515975,0.277008760789502,"Day2"
0.960887273561743,-0.231027859358252,0.152714687268199,"Day4"
0.980039639502285,0.0473610227577039,0.193078322262174,"Day4"
-0.863481756553141,-0.502658040773035,0.0416431284381568,"Day7"
0.92903411429194,0.217324658169336,0.299442160413947,"Day2"
-0.51605923846079,0.661988214887225,-0.543557233186805,"Day0"
-0.762599065017297,-0.6314667831845,-0.14032949714641,"Day7"
0.943685995694344,0.239442516934178,0.228306860638484,"Day2"
0.871818041391216,-0.463599718405569,-0.158141088269497,"Day4"
-0.730275933647844,0.682620580500311,0.0269481689950668,"Day0"
0.972895926311724,-0.067700526408955,0.221111183095751,"Day4"
-0.358228726667864,0.855516483432546,-0.373849870890884,"Day0"
0.119843112488278,-0.769732508127843,-0.627016342945176,"Day7"
0.956237943801019,0.0777139367726661,0.282080731115214,"Day2"
-0.475243503354407,0.850173114511478,-0.226603812592116,"Day0"
-0.69162884712874,-0.693718619696452,0.201007498630818,"Day7"
0.912360415090194,0.370216761159757,0.174751316827163,"Day2"
0.978826282914603,0.0529439889996695,0.197727190604591,"Day4"
-0.442384864501581,0.864266360023665,-0.239456239407876,"Day0"
0.98742796645604,0.0754040857179951,0.138925285378592,"Day2"
-0.801169880135326,-0.423119028408309,0.423198666069207,"Day7"
0.956618878282177,0.0668205349624044,0.283575982448245,"Day4"
0.979128803427042,0.0734213952226089,0.189515395213935,"Day4"
0.965470165168115,0.139678602266733,0.219902815441423,"Day2"
-0.551352937081646,-0.55339184633258,-0.624313545571502,"Day7"
-0.257561962575124,0.874928085162131,-0.410076433398674,"Day0"
-0.657263688817534,0.744592385307423,0.116561670819226,"Day0"
0.760158570305499,-0.597861136112791,-0.254403242740776,"Day4"
0.98867557779901,-0.00628793830743961,0.149936865698983,"Day2"
-0.149288654921012,-0.974168542961472,-0.169435968484256,"Day7"
-0.79126863179063,-0.59122535828915,-0.156033740133505,"Day7"
0.977283539877755,0.129438778241435,0.167816820883275,"Day2"
-0.48845734816632,0.859595596703235,-0.150016096305483,"Day0"
0.983861843499222,-0.12207807225244,0.130815966844422,"Day4"
0.989761572537896,-0.0936506080636709,0.107710691839835,"Day4"
-0.30543420800428,0.817142159091749,-0.488864640177292,"Day0"
0.946236989859756,0.202550289597362,0.252208126762746,"Day2"
0.0416972793067187,-0.727354384720839,-0.684994113789153,"Day7"
-0.0721657652507064,0.946358165805677,-0.314957654834257,"Day0"
-0.8971245952413,-0.319414094797939,0.305191901362974,"Day7"
0.968366440404441,0.205603674020579,0.141398607941069,"Day2"
0.929388391828198,-0.352800654060253,-0.108484633149833,"Day4"
-0.00758336530954583,0.968309658875537,-0.249637531430921,"Day0"
0.979080071949221,-0.203077593971556,0.0127162706259729,"Day4"
-0.572432229447281,-0.66625501453152,-0.477938906453137,"Day7"
0.91892575592428,0.224586642731687,0.324247274476595,"Day2"
0.979764257601494,-0.198768440102475,0.0235182215701464,"Day4"
-0.619315169278677,0.748773506541517,-0.23619262690195,"Day0"
0.564823297154348,-0.721320662835899,-0.40083805253203,"Day7"
0.911756065663233,0.291914578638536,0.288940747393973,"Day2"
0.979596433284588,-0.055594983229141,0.193132145785896,"Day2"
0.826337754445061,-0.532493268059561,-0.183348943411032,"Day4"
-0.903513233896509,-0.315761153103609,0.289756329291616,"Day7"
-0.330796795427983,0.911294117542124,-0.245186686970762,"Day0"
0.942862841551305,0.193046533741114,0.271556067566791,"Day2"
-0.911280163628061,-0.408381216669226,-0.0528511612907116,"Day7"
0.95981886403356,-0.276010009351793,-0.0506579014858458,"Day4"
-0.733550149786315,0.678521224671429,-0.0388989128236206,"Day0"
-0.808748266813407,0.535881161260635,0.242399715206646,"Day0"
0.986569038528003,0.065808751419003,0.149501640307402,"Day4"
-0.925788521612796,-0.366974405977566,0.0908041772574666,"Day7"
0.848692414845846,0.308625784774324,0.429501233939507,"Day2"
0.592492234195288,-0.702121610335424,-0.394940750895963,"Day4"
0.953935255041095,0.170625990563776,0.246767705613623,"Day2"
-0.439278118495154,0.828758947944161,-0.346689112626636,"Day0"
-0.917101001604364,-0.395554186591798,0.0496249768359882,"Day7"
0.805628379523207,-0.543425752344824,-0.235905417053686,"Day4"
-0.587126597263918,0.772687351093319,-0.241322639314431,"Day0"
0.960622201449741,0.157284457930488,0.229055856452889,"Day2"
-0.912564783347485,-0.396077957050216,0.101723980127031,"Day7"
0.946643771217852,-0.321582814285475,-0.0212147111853472,"Day4"
0.47189480173856,-0.681137074689334,-0.559792445086375,"Day7"
0.940005845329696,0.202331658191131,0.274683291882908,"Day2"
-0.659729762073254,0.721282137997769,-0.21097089477019,"Day0"
0.638175318268158,-0.701739220161644,-0.316692800739552,"Day4"
0.0587667011859171,0.961027882669457,-0.270133084911096,"Day0"
0.916516788232057,0.214560843935015,0.337580540225127,"Day2"
-0.898278887642529,-0.248173148891995,0.362636358056846,"Day7"
-0.937995469228684,-0.250735075821049,0.239366709171249,"Day7"
-0.500745866300899,0.781604073018125,-0.371952484094459,"Day0"
0.979050459703768,-0.0371235403025925,0.200204995215511,"Day4"
0.896058878415518,0.282395018492166,0.342536917635943,"Day2"
0.994219201051384,0.0478981087031381,0.0960934516156594,"Day4"
-0.355362877170787,0.803497084158386,-0.477608271785436,"Day0"
-0.907100045133493,-0.343742325047258,0.242921226099984,"Day7"
0.890154150156497,0.357091077592163,0.283039840416912,"Day2"
-0.397012013353143,0.840057417368888,-0.369709340937983,"Day0"
0.970835056112146,0.0516291667652364,0.23412330717563,"Day2"
0.985963937962807,-0.11062394199477,0.125049816051095,"Day4"
-0.83180490510453,-0.552174954338621,0.056598760102901,"Day7"
-0.509081656483853,-0.766445114053617,-0.391660253504225,"Day7"
0.929919772378847,0.264039945435525,0.255992429874942,"Day2"
0.925950128176818,-0.346882272116932,-0.149295175475729,"Day4"
-0.423078779895636,0.862939063191443,-0.276297881317056,"Day0"
0.74152239185493,-0.639022031713195,-0.204439197227155,"Day4"
-0.61084888533366,0.753919837206788,-0.241802643394805,"Day0"
0.960684387713536,0.152682019529988,0.231891586987784,"Day2"
0.369264734850896,-0.817193526111864,-0.442536209226269,"Day7"
0.971801783595352,0.175930787353814,0.157002074705911,"Day2"
0.921681286461043,-0.371339332984941,-0.112297399639603,"Day4"
-0.611796196725456,0.728297549659394,-0.308687694656574,"Day0"
-0.798336871091832,-0.548049812866539,-0.2495989640849,"Day7"
-0.416448151841045,0.904008801025899,-0.0966386283837533,"Day0"
0.948280032594516,0.164413073201845,0.271538802278546,"Day2"
0.975630568286556,0.0174167734243382,0.218727342205625,"Day4"
-0.834350967218894,-0.498382517993069,-0.23552776749204,"Day7"
0.950350700656597,0.269883667492541,0.154907558828777,"Day2"
0.82690980754399,-0.467568602520521,-0.312409622330313,"Day4"
-0.901052828359572,-0.427033769776714,0.075802110626982,"Day7"
0.138459528461858,0.925994772124642,-0.351230182324857,"Day0"
-0.254938426640028,0.831795873743714,-0.4930740543217,"Day0"
0.494955486402722,-0.540935617289293,-0.680005679702527,"Day7"
0.991019693035711,-0.0697353141640926,0.11409186637899,"Day4"
0.950494975686818,0.231107944281896,0.20772197592915,"Day2"
0.949146970707291,0.230686538055244,0.214251602461356,"Day2"
-0.836397317164174,-0.509285483731285,-0.20265197729399,"Day7"
0.984881698749858,0.0237021830802878,0.171599085034923,"Day4"
0.0194724753143152,0.826644010025459,-0.562388214131629,"Day0"
-0.758555211645141,-0.622879340694053,-0.191351294279757,"Day7"
0.98577369760363,-0.0297213810777811,0.165429310038142,"Day4"
-0.388411095929438,0.761128473365422,-0.519442265888438,"Day0"
0.971016504903641,-0.0337856632128255,0.236612502133735,"Day2"
-0.908020790071879,-0.414607667777502,-0.059989387539314,"Day7"
0.8852395094789,0.302926806090064,0.352967931984803,"Day2"
-0.323261414154505,0.712188199647963,-0.623129221270374,"Day0"
0.967330258341957,0.0964160258221284,0.234469872821113,"Day4"
0.963598691768792,0.187988644525992,0.190099528539006,"Day2"
-0.281510049592582,-0.738781326491266,-0.612335074616985,"Day7"
-0.695311202032573,0.701306758440301,-0.157197846340132,"Day0"
0.978512032247373,-0.20431804717993,0.027718916712151,"Day4"
0.993980546514739,0.0453632641676585,0.0997238557934685,"Day4"
0.908677682708937,0.285794759032089,0.304345567827933,"Day2"
-0.586518596297131,0.803137908683066,-0.104715976975026,"Day0"
0.298417194492905,-0.879927915866348,-0.369694523776171,"Day7"
0.92549917837674,0.263798889854687,0.271774569331667,"Day2"
-0.562400610636354,0.766277298522261,-0.310684172312144,"Day0"
0.982199154090492,0.0859981114110197,0.167000438734933,"Day4"
-0.930772382132879,-0.359068649470465,0.068793005648412,"Day7"
0.916172104195823,0.317526402835918,0.244551955615734,"Day2"
0.975043404601901,-0.00410397204736422,0.221976387383361,"Day4"
-0.90077770446481,-0.432337472318887,0.0410345850231476,"Day7"
-0.751971097759796,0.633030035430712,-0.18388159879803,"Day0"
-0.928979775251367,-0.359534960467184,0.0879271822349612,"Day7"
0.759640787717712,-0.634183787023153,-0.144072196875684,"Day4"
0.947217987326986,0.202965660448097,0.248159273780132,"Day2"
-0.58066142976789,0.762062632038351,-0.286518496489651,"Day0"
-0.903780368152825,-0.427914271764601,-0.00839179132933552,"Day7"
0.982126323459649,-0.00337506321031972,0.188192703673545,"Day4"
0.891028148197276,0.377360357208045,0.252325186867958,"Day2"
-0.411859363974341,0.834600380384592,-0.365806054308216,"Day0"
-0.126417089908994,-0.973506082479163,-0.190537730528666,"Day7"
0.854292145728488,0.381028048208634,0.353557005622763,"Day2"
0.961452814090252,0.0900774687174831,0.259797105271375,"Day4"
-0.559654128877943,0.7955451177123,-0.232153444329376,"Day0"
0.864372963609858,-0.476143732831989,-0.161698872801052,"Day4"
-0.924106640609556,-0.273260474653086,0.267124745715725,"Day7"
0.945912038981472,0.246488764308463,0.210935306621725,"Day2"
-0.262765943051388,0.861929558005437,-0.433625986547009,"Day0"
0.797236018891019,-0.5278177554669,-0.292955879266286,"Day4"
0.977241424123803,0.151369172335769,0.148615519522241,"Day2"
-0.850016416374419,-0.523594656518213,-0.0576257543079908,"Day7"
-0.346493678913842,0.834594195588314,-0.428246026441632,"Day0"
-0.580034058213405,-0.772278009444208,0.259127704889654,"Day7"
-0.587456782542869,0.806764738268349,-0.0634443514521323,"Day0"
0.914085222136285,0.378120001643126,0.146538292024509,"Day2"
0.99292935341971,-0.0747163166755982,0.0922430004929782,"Day4"
-0.884565632812072,-0.428829211879618,0.183437041751342,"Day7"
0.988992676711583,0.00727774039439605,0.147785384614348,"Day4"
0.972463523363609,0.205269166274535,0.110359707793163,"Day2"
-0.355246288587331,0.916915529455004,-0.181840551828179,"Day0"
0.950894617370257,0.166856079983609,0.260688463934974,"Day2"
-0.611889474185731,0.757280901233143,-0.228291278870281,"Day0"
0.236046167097786,-0.890457513707517,-0.389059922480164,"Day7"
0.988728965431951,-0.0675294415084254,0.13362188235998,"Day4"
-0.567287628400589,0.787892635705398,-0.239603717134848,"Day0"
-0.74836891335901,-0.540718652965541,-0.384144904759892,"Day7"
0.935063023686114,0.247379646083679,0.253890630860014,"Day2"
0.677795002920698,-0.644002671615731,-0.35475976796634,"Day4"
0.926441484705856,0.324515092321853,0.19077769856917,"Day2"
-0.270821653714123,0.871527433988167,-0.408773242379621,"Day0"
-0.722179882891135,-0.640457390198811,-0.261286333525262,"Day7"
0.799041936793027,-0.562875383486984,-0.211431515887367,"Day4"
-0.538521309576012,0.80009121455609,-0.264289325404371,"Day0"
-0.48171486283398,-0.868994418705397,0.113134836295939,"Day7"
0.980429197596504,-0.0722518481276924,0.183134537819626,"Day4"
0.958777712473187,0.158875266107089,0.235592758556126,"Day2"
0.976859593015119,0.0828909247523394,0.197165996378781,"Day2"
0.983512640278946,-0.143409684348864,0.110166005857049,"Day4"
-0.762520953635722,0.618758602523465,0.188943343544241,"Day0"
-0.769426125846047,-0.522970603915356,0.366722216815332,"Day7"
0.967352353204411,0.225655748051838,0.115364241084725,"Day2"
-0.608091224000327,0.774316353490688,-0.17509782411746,"Day0"
0.717726424337282,-0.643120395078559,-0.266954934852342,"Day4"
-0.388613421529194,-0.909136209499748,-0.149836448115283,"Day7"
0.794980606517733,-0.553113278069696,-0.249141600066494,"Day4"
-0.282327864689274,0.95276459873068,0.111940145727798,"Day0"
-0.80496992430579,-0.276714797103262,0.52483553807572,"Day7"
0.90123872172103,0.368203680142973,0.228461848893452,"Day2"
0.975662280876088,-0.100867804292975,0.194701822623167,"Day4"
-0.580956470470112,0.775730958077536,-0.24643672635997,"Day0"
-0.59301298660533,-0.686801576438979,-0.420284656296609,"Day7"
0.968246896501955,0.14296175530115,0.205085065120665,"Day2"
0.791558833333128,-0.574263121340362,-0.208941333490342,"Day4"
0.969890971008557,0.14486097419901,0.195772323146536,"Day2"
-0.859057330800474,0.19982789852487,0.471263528579391,"Day0"
-0.527044505736173,-0.543325932034332,-0.653468454137105,"Day7"
0.942235525417717,0.250990159567547,0.221802061399473,"Day2"
0.979014675583851,-0.0288825558141953,0.201732652193659,"Day4"
-0.146133823249468,0.817141625356961,-0.557606016656453,"Day0"
-0.846033429676935,-0.533002416388212,-0.0116558995109136,"Day7"
-0.471119916066291,0.877038400994738,-0.0940726733237894,"Day0"
0.90722900341222,-0.396355640367778,-0.140846518296759,"Day4"
0.94984823169978,-0.304113283646767,-0.0728247722027494,"Day2"
-0.327167974950043,-0.900990079951265,-0.28491751788281,"Day7"
-0.581069333392849,0.760707918065778,-0.289278227978567,"Day0"
0.845486548422341,-0.507917878717294,-0.164839087950036,"Day4"
-0.494388151468968,-0.833340160564679,-0.247233760795591,"Day7"
0.98952655010035,0.0745307201657414,0.123621917142857,"Day2"
-0.619162974743955,-0.757598408487802,0.206595890963412,"Day7"
0.942239199403616,0.196073371291619,0.271552065316343,"Day2"
0.902053545161585,-0.430268958057743,-0.0341763864871727,"Day4"
-0.600916279440803,0.77877055348637,-0.180044578162063,"Day0"
-0.116923574441893,0.992753520110099,0.0277367274338425,"Day0"
0.635920461417851,-0.692265062885785,-0.341136702009397,"Day4"
0.94102034507017,0.200586990911067,0.272480401572777,"Day2"
-0.910654195005777,-0.413007115051287,0.011578429746429,"Day7"
-0.926156316637481,-0.376356764787611,0.0242912072795231,"Day7"
0.967027764381572,-0.249418872100922,-0.0514541461408372,"Day4"
0.929820085793084,0.179116436331475,0.321483919180499,"Day2"
-0.365389994102847,0.885483470865532,-0.287069982815081,"Day0"
0.979733524591631,-0.183599399321703,0.080084214174643,"Day4"
0.868821625821166,0.274380072399289,0.412146282739062,"Day2"
-0.293655853706911,0.927625712876861,-0.230817625829054,"Day0"
-0.895738034231842,-0.267954867040648,0.35475845762956,"Day7"
0.976795129531438,0.0689075115431122,0.20278814012806,"Day2"
-0.357734703543365,0.73746981864187,-0.572856132439086,"Day0"
-0.882526949517225,-0.467633875748534,0.0496461642851378,"Day7"
0.691312855908221,-0.643461313466948,-0.328700583095634,"Day4"
0.964483118696903,0.181288987344817,0.192110949235558,"Day2"
0.984267107698379,-0.106658469043718,0.140862456617502,"Day4"
-0.892171079790548,-0.450468768589302,0.033296439914886,"Day7"
-0.76269808747579,0.64337087256308,0.0660722914555983,"Day0"
-0.620277308308826,0.766596672344271,-0.166089140969084,"Day0"
0.984290535360995,-0.0174191404275367,0.175694950256208,"Day4"
-0.83721882276252,-0.431097700414907,0.336480928893628,"Day7"
0.931181611282625,0.201223703015559,0.303989848767686,"Day2"
0.960669478165032,0.0585512722643643,0.271451473081931,"Day4"
-0.387554236713493,0.872359694983034,-0.297976972557493,"Day0"
0.958252453063061,0.197899912213473,0.20636826535232,"Day2"
-0.915842513854705,-0.395991895981348,0.0665049481872726,"Day7"
0.912933842804083,0.222611947157168,0.342046370607649,"Day2"
-0.141326262939343,0.923746603687936,-0.355976262661715,"Day0"
-0.907573003266505,-0.414665856351077,0.0660565766479342,"Day7"
0.981646654856345,-0.141387413665913,0.127982202927638,"Day4"
-0.42746096571948,0.810509485968489,-0.40043912888386,"Day0"
-0.91370479442455,-0.405892756723358,-0.0198650115807806,"Day7"
0.925243302224675,0.213689262409817,0.313467272325402,"Day2"
0.981093077358711,-0.191859416829829,0.0254231731405256,"Day4"
-0.965730095051676,-0.223496496699535,0.131964766034404,"Day7"
0.974914543729281,0.0315968539849699,0.220325375849855,"Day4"
0.903265206864821,0.27499570188247,0.329377185022917,"Day2"
-0.557247610031302,0.811500264855453,-0.175904579968608,"Day0"
0.885071831709963,0.315053158264689,0.342621307249003,"Day2"
0.973236181791156,0.136162092898518,0.185124873828635,"Day4"
-0.863428144619107,-0.504409539098882,-0.00792817416936279,"Day7"
-0.663951005104096,0.747738242453162,0.00752220674516297,"Day0"
0.954535768020314,0.1646949147898,0.248469419873453,"Day2"
0.977170714579886,0.0646259788315807,0.202387937949607,"Day4"
-0.846452515306756,-0.532061005467213,-0.0207177651324437,"Day7"
-0.623666936759637,0.765132656224064,-0.16003615332905,"Day0"
0.98230753511426,-0.0560405349381252,0.178693494290071,"Day4"
-0.504364635989742,0.839131061639078,0.20365504009331,"Day0"
-0.768945995845733,-0.578429584991569,-0.272288947038428,"Day7"
0.882458661303542,0.312673660414621,0.351428361367267,"Day2"
-0.833147441162956,-0.528064999574164,-0.164355399997556,"Day7"
0.992446452682347,0.0382654102002065,0.116558126874256,"Day2"
0.987656935196941,-0.0464376595997286,0.149590514833949,"Day4"
-0.56688129583028,0.808983998123754,-0.155532913614738,"Day0"
-0.693495035122312,0.719570323957272,-0.0358215736774544,"Day0"
-0.963779502592016,-0.200303238389048,0.176089985729869,"Day7"
0.961438232334938,0.125002299712563,0.244971325814351,"Day2"
0.980802908553836,-0.0527701452050573,0.187725774328865,"Day4"
0.986041733754183,-0.0127143498960985,0.166012182088437,"Day4"
-0.735223523525693,0.674513304173595,0.0669191523204231,"Day0"
-0.842621171823243,-0.524357554772837,0.122632440846115,"Day7"
0.892169388714232,0.315126381165473,0.323618827843538,"Day2"
0.98835281325229,-0.0726844096918718,0.133700011682976,"Day4"
-0.674171842188629,0.71536175638314,-0.183711416913646,"Day0"
-0.908077070812669,-0.403835019538459,0.110965357020358,"Day7"
0.955208194550026,0.166886346295413,0.244389550686289,"Day2"
0.98625714841026,-0.0170236757016535,0.164338162565083,"Day4"
-0.84419077427881,-0.531245457199181,-0.0715555785929888,"Day7"
0.932946319342178,0.267979297689175,0.240412689423621,"Day2"
-0.553306105268973,0.768851746391147,-0.320498589612128,"Day0"
-0.613208100617183,0.78178465983007,-0.113086564152633,"Day0"
-0.446164896714995,-0.752293543203091,-0.484759022395909,"Day7"
0.965712187722801,0.256977309594184,0.0369138569832009,"Day4"
0.897696572895023,0.279047780583296,0.340988561632303,"Day2"
0.494109616113098,-0.770088744365788,-0.403508380415688,"Day4"
0.893668179571222,0.275499110654487,0.354199696287907,"Day2"
-0.947378890721095,-0.320114340638074,0.00021525315045372,"Day7"
-0.773473965650284,0.604426254610492,0.190805993613296,"Day0"
0.92182492192125,0.280607709860791,0.267391335857322,"Day2"
-0.214026147571293,0.895245498559566,-0.390804689665599,"Day0"
-0.933121013759065,-0.330808588758599,0.140893049100366,"Day7"
0.789151324191133,-0.591457819550479,-0.165583318060647,"Day4"
0.824249068958289,-0.537032851204224,-0.179469186906431,"Day4"
-0.711187762821179,0.698251026904902,0.0815933173713146,"Day0"
-0.876771850178816,-0.479020219929976,0.0425529274228391,"Day7"
0.949744256604502,0.245568816728471,0.194118013840399,"Day2"
0.971807516767151,0.0764626930071516,0.223032748566121,"Day4"
0.964595025397764,0.0912470348894838,0.247447803792567,"Day2"
-0.844322648754026,0.513601724661032,0.15274990417738,"Day0"
0.238878376097819,-0.853087485078887,-0.463873758941643,"Day7"
-0.686420347665056,0.722557851374523,-0.0820807999986312,"Day0"
0.962589073191267,0.196498485086978,0.186576047581948,"Day2"
-0.862222551093095,-0.506314299769069,0.0147682847979219,"Day7"
0.996123507904393,0.0879120702867195,0.00306999969874568,"Day4"
0.977251987811391,-0.0851753627219246,0.19422592490158,"Day4"
-0.903783617881648,-0.147574623963589,0.40174233335655,"Day7"
0.938757948269472,0.209235202724646,0.273777545649142,"Day2"
-0.2678422475731,0.862641253827794,-0.429081108427534,"Day0"
-0.784700018369612,0.607221385144316,0.124611679204431,"Day0"
-0.177835348130239,-0.947952968046997,0.264120728694826,"Day7"
0.68007423496147,-0.642253649649839,-0.353566520548868,"Day4"
0.941072821311247,0.223527783619457,0.253805584925673,"Day2"
0.988912339888179,0.0550935244338864,0.137902456766873,"Day2"
0.817796572152588,-0.543378116376634,-0.189602186744928,"Day4"
-0.850620002779954,-0.518257248466796,-0.0886286369197758,"Day7"
-0.644327085346895,0.737852500635076,-0.20103804215854,"Day0"
0.928280787886679,0.36707551170171,0.059584792937576,"Day2"
-0.424040509541571,0.852417504193095,-0.305898749283059,"Day0"
-0.903670455841731,-0.395320775443497,-0.16462439594893,"Day7"
0.983050645494577,-0.171203685067594,0.0655799253733334,"Day4"
-0.325708999233794,0.927212935848963,0.184904892884063,"Day0"
0.971625288919962,-0.224635772944414,0.074047737608017,"Day4"
0.926431446474448,0.294824212156207,0.234101385962864,"Day2"
-0.0860241001027928,-0.914821936206683,-0.394589253828029,"Day7"
-0.0139291284444107,-0.829470017319971,-0.55837753334817,"Day7"
-0.670634457782963,0.74177359645044,0.00462121662898148,"Day0"
0.635546907596303,-0.706139969824408,-0.312164173570832,"Day4"
0.850611314018697,0.346220341353341,0.395716903475908,"Day2"
-0.925267335843114,-0.378039389441293,0.0310898255485517,"Day7"
-0.247407871873944,0.857319388877145,-0.451434170605333,"Day0"
0.886392109203894,0.251705707428252,0.388527046148803,"Day2"
0.994887425161751,-0.0365972662401098,0.0941257210265681,"Day4"
-0.885509043461368,-0.448942871057878,0.119683050071603,"Day7"
0.931881417069263,0.225317628565283,0.284304398099465,"Day2"
-0.686915537905288,0.725494820443773,-0.0424771620232236,"Day0"
0.969501768326272,-0.20405742151039,-0.13574568110538,"Day4"
0.98531938377225,-0.105701180176862,0.134063315160755,"Day4"
-0.567652723911156,0.788261104317361,-0.237518033960834,"Day0"
-0.917487994400586,-0.395736831831752,0.0401016216948536,"Day7"
0.931672114449561,0.262462595426318,0.251198043700913,"Day2"
-0.946496686890869,-0.250918207853439,0.202938598280924,"Day7"
-0.767435868530943,0.639011581273469,0.0520229438857378,"Day0"
0.996295203033554,0.00624227611388966,0.0857723871723689,"Day4"
0.927120983286953,0.30680282117149,0.215217822845246,"Day2"
0.969682823555134,0.1235931225279,0.210807878804246,"Day2"
-0.668200200170424,0.641136005933127,-0.377429615144762,"Day0"
0.963534842575635,-0.266508716555487,-0.0239522680072758,"Day4"
-0.915893940584601,-0.358176609663563,0.181239636642559,"Day7"
0.953877437800873,0.293289573307657,0.0640239005641924,"Day2"
-0.708002292492812,0.704540761097036,0.0485290611668156,"Day0"
0.968378819610649,0.102757859189363,0.227339578833748,"Day4"
-0.797335669166462,-0.556801071835488,-0.232869914496747,"Day7"
0.967391177216213,0.17057824515515,0.187236141073298,"Day2"
0.97755834524204,-0.162526321903121,0.134033116565602,"Day4"
-0.681998417042869,-0.658881127403163,-0.317417420919141,"Day7"
-0.65948453487616,0.747462877709759,-0.079871113082395,"Day0"
-0.942572494380993,-0.323807042964657,0.081890730628553,"Day7"
-0.512666239095188,0.848123537977438,-0.133640531354181,"Day0"
0.85272140304815,0.355104565145091,0.383101757496244,"Day2"
0.985112874533246,-0.091237275774013,0.145699636026253,"Day4"
-0.878308118143768,-0.476978501068022,-0.0326551545955069,"Day7"
-0.364695978618447,0.863153755488061,-0.349231209324697,"Day0"
0.924652028935358,0.273190206938623,0.265303102542279,"Day2"
0.785811247592683,-0.574606328434339,-0.228753689544101,"Day4"
-0.914807854274102,-0.372298401658503,0.156590197269619,"Day7"
0.864737977003648,-0.474902221061989,-0.163389447511239,"Day2"
0.876426259152535,-0.474789472514646,-0.0803241498999993,"Day4"
-0.566283972606887,0.774306172015618,-0.282440107539779,"Day0"
-0.64111515956175,0.765212250919588,0.0584941298139254,"Day0"
0.894873076282327,0.267882699884013,0.356988846391392,"Day2"
0.986479536438124,0.0445479182826002,0.157713687311885,"Day4"
-0.921788207454226,-0.387171325095581,-0.0201212728736622,"Day7"
0.826241360385493,-0.530307179151303,-0.189998710861198,"Day4"
0.995288861615502,0.0958679181811866,0.0144714963885287,"Day2"
-0.863070479017156,-0.496149595078649,-0.0945776271239116,"Day7"
-0.617724741611981,0.786136018743105,0.0201569748511961,"Day0"
0.922451047524083,0.267574528385505,0.278366550937782,"Day2"
0.922188801479713,-0.386497155965013,-0.013702658733486,"Day4"
-0.615599696221743,0.777895657662166,-0.126156093004037,"Day0"
-0.904779555354932,-0.353946746290575,0.236845217393229,"Day7"
0.734378691161092,-0.635423328688149,-0.238589881024726,"Day4"
-0.881539014790302,0.328694340622633,0.338893782541369,"Day0"
-0.872265942262785,-0.473022860475538,-0.124102777712492,"Day7"
0.912722841935785,0.272649816587335,0.304300988042361,"Day2"
0.910194747543634,0.257716290582501,0.324234228779714,"Day2"
-0.888511116112524,-0.446413949434804,0.106125314107884,"Day7"
0.949128520020262,-0.307687756339743,-0.0669574273905534,"Day4"
-0.648423479297551,0.750318662652862,-0.128720223626591,"Day0"
-0.643500172944799,0.761330543512711,-0.07926746454034,"Day0"
0.954679788429665,0.284995676134989,0.0858135545718152,"Day2"
-0.890771659732834,-0.378701260072092,0.251219437617039,"Day7"
0.970062572974583,-0.242001163470859,-0.0203480070936108,"Day4"
-0.243079772498075,0.860480051850437,-0.44775697043123,"Day0"
0.837980765663306,0.337904327470122,0.428496093162241,"Day2"
-0.864341441154912,-0.489506117094031,-0.115315369442998,"Day7"
0.780804429366201,-0.574709506566566,-0.245058005672401,"Day4"
-0.513341392765131,-0.85611289763068,0.0595929608624833,"Day7"
0.984032505570864,-0.101951448637534,0.145896984549496,"Day4"
0.941718189696655,0.182128581286443,0.282835696249681,"Day2"
-0.515599825983569,0.805266849500264,-0.2927492451598,"Day0"
0.963133022548672,0.255344515757367,0.0846992275578458,"Day2"
-0.457192517909605,0.832818224581211,-0.312071796823865,"Day0"
0.989013919227147,0.0374671566210829,0.14299538366566,"Day4"
-0.843912023961102,-0.534506941360067,-0.0459872313994059,"Day7"
-0.876425492774698,0.149789497978458,0.457647748721645,"Day7"
0.990007178493557,-0.0601861067987604,0.127528110938862,"Day4"
-0.366345487793986,0.84962532212469,-0.379378169611146,"Day0"
0.919206309898615,0.219096806398251,0.327194665709357,"Day2"
0.801935551097801,-0.554459786522751,-0.222426880153032,"Day4"
-0.494190093676727,0.852008600936073,-0.172793215268263,"Day0"
0.886659795092704,0.355705164908737,0.295479683605173,"Day2"
-0.896415856947292,-0.430362684646373,0.105955514615415,"Day7"
0.949618364662351,0.194295060162426,0.245915414507676,"Day2"
-0.608081526754785,-0.629820739404786,-0.483283243073022,"Day7"
0.867672802902565,-0.495284683832989,-0.0428601104018979,"Day4"
-0.0030513737221751,0.911286549287234,-0.411761477322215,"Day0"
0.957682919287827,0.259672054446758,0.124152528140772,"Day2"
-0.622331044903026,0.743380039271384,-0.245133000150498,"Day0"
-0.935336475302157,-0.349733311374199,-0.0532192529501772,"Day7"
0.973147442545128,-0.218705802783517,0.0717762279358203,"Day4"
0.928764051179365,-0.369056730808285,-0.0345610573043613,"Day4"
0.979736832018273,0.0975409521285268,0.174932851816517,"Day2"
-0.793511690576235,-0.548560619312806,-0.263477596501101,"Day7"
-0.281224716438788,0.922777745614217,-0.263427202587482,"Day0"
-0.37275671094764,-0.927408336591889,-0.0310839454278766,"Day7"
0.96441744774397,0.0356333162923501,0.261971855849088,"Day4"
-0.508397550000687,0.797851340899467,-0.323983285029061,"Day0"
-0.644979675101303,0.761585882653052,0.0631518966444334,"Day0"
-0.950249467404489,-0.245587210625493,0.191606032458989,"Day7"
0.990239664297032,-0.133047142701923,0.0415194541360463,"Day4"
-0.866383081344826,-0.498102596042725,0.0356953803025287,"Day7"
-0.428494931227591,0.889757072629443,-0.157240089093542,"Day0"
0.784445907498749,-0.513159380503694,-0.348298820568674,"Day4"
0.991285820631044,-0.0597312436946761,0.117407837653728,"Day4"
-0.407792003607015,0.86517183301636,-0.291861921375996,"Day0"
-0.800370645357138,-0.587553098164819,-0.119114175846207,"Day7"
0.975111909033363,0.0644557644740967,0.212137265201968,"Day4"
-0.914043909495998,-0.342422854388796,0.217417387311828,"Day7"
-0.535600131169437,0.824979161197644,-0.180393689138267,"Day0"
-0.920680637541981,-0.342263159782234,0.187624873380826,"Day7"
0.895140422585273,-0.41694082463505,-0.157746545466144,"Day4"
-0.622545636188698,0.782581790838125,-0.00163447575764685,"Day0"
0.638274445247638,-0.69497292977307,-0.331086634321678,"Day4"
-0.428773089426182,0.871726662266968,-0.237162948364239,"Day0"
-0.811411141243004,-0.426563267236436,0.399569441913797,"Day7"
-0.868982642409336,-0.0507713256869359,0.492231083617521,"Day7"
0.956964539650901,-0.277010367956851,-0.0865108426450079,"Day4"
-0.51736866903297,0.731920219579612,-0.443421303585636,"Day0"
-0.627871567167068,0.761854711421698,-0.159231572961306,"Day0"
-0.741424521415719,-0.537103611816848,-0.402255378107948,"Day7"
0.866044834929118,-0.484444964866223,-0.123609950685047,"Day4"
-0.65099055797682,0.758586631609736,0.0275248209444278,"Day0"
-0.843825395484381,-0.503187950268229,-0.186441917605692,"Day7"
0.718146921759808,-0.660601766252051,-0.218792836243748,"Day4"
-0.826063734097299,-0.542900343286514,0.151254502308566,"Day7"
-0.214335938151614,0.782059421512593,-0.58518643767611,"Day0"
0.994325573366408,0.00374059443723731,0.106313978868355,"Day4"
-0.477558822702382,0.799887258117445,-0.363480322934366,"Day0"
-0.948706355648988,-0.294801124360067,0.114230240423697,"Day7"
0.91738970885275,-0.386678107268393,-0.0942133931582998,"Day4"
-0.394588805550017,0.83516780030304,-0.383137599135863,"Day0"
-0.931745886689174,-0.210001388439742,0.296224609867556,"Day7"
0.618445660093907,-0.716383248239143,-0.322986078884748,"Day4"
0.955591864957058,-0.288455143073342,0.0603143271738109,"Day4"
-0.719316430119147,-0.665734190565315,-0.198448635351799,"Day7"
-0.653881972168247,0.756478626695074,-0.0133586611192955,"Day0"
-0.650048591051127,0.737739478027284,-0.182146347293804,"Day0"
0.988670415679855,-0.0480797615058731,0.142194042396157,"Day4"
-0.877082047738376,-0.461415158550648,-0.13350330705543,"Day7"
0.547230287962782,-0.628319025296478,-0.552950462868651,"Day7"
-0.587658552963724,0.796674949936119,-0.141302686714953,"Day0"
0.993605524854478,-0.0823446316366815,-0.0772490946178432,"Day4"
0.142832767030775,-0.940414656124915,-0.308575882414343,"Day7"
0.968933787797607,-0.0858794809290474,0.231931088083378,"Day4"
-0.549137608163374,0.814529117992396,-0.187056684572184,"Day0"
-0.101800368562448,-0.993618795667929,-0.0485630914992472,"Day7"
0.877778295843816,-0.462011926928908,-0.126689552532814,"Day4"
-0.354246062665789,0.724841157080081,-0.59085956376164,"Day0"
-0.10451174098229,0.886410462487713,-0.450947655486942,"Day0"
-0.776098963933672,-0.609361776094846,-0.162322592437456,"Day7"
0.972420378814592,-0.21098972759561,0.0994079559955576,"Day4"
-0.90555547283458,-0.38027321963138,0.188046707098329,"Day7"
-0.626819971144159,0.773260721626644,-0.0957318137521609,"Day0"
0.928482884408597,-0.36250013591562,-0.0807043048507901,"Day4"
0.795801887939969,-0.567901485323549,-0.210207654757117,"Day4"
-0.919889617139008,-0.38767580178036,0.0592500210447664,"Day7"
-0.574557948672025,0.776664466545338,-0.258215936811888,"Day0"
-0.791402850347547,-0.610005236713221,0.0396880289788385,"Day7"
0.86111296030103,-0.497520811983152,-0.104678131647551,"Day4"
-0.393317820049271,0.810183430441023,-0.434630764523757,"Day0"
0.767603739567589,-0.616055505175169,-0.176805298408222,"Day4"
-0.826160484060288,-0.553013431919205,-0.107865651132386,"Day7"
-0.661156841802466,0.741893038045139,0.111652812942366,"Day0"
-0.751044684363808,0.659247571247461,-0.0363939815517812,"Day0"
0.928297375761248,-0.371686922596285,-0.0106213805921755,"Day4"
-0.654901807179327,-0.633713182893373,0.41171740888673,"Day7"
-0.50616034162481,0.847607137714994,-0.159260317282275,"Day0"
0.939966550608219,-0.338902207190055,-0.0401020909603994,"Day4"
-0.92119142081786,-0.34714959011085,0.17576554923375,"Day7"
-0.705824235170519,0.707752669973416,-0.0299717732450408,"Day0"
0.744029890709464,-0.614426058080754,-0.262488363327232,"Day4"
-0.90242949914785,-0.430206518867596,0.0233098732640429,"Day7"
0.997695443471186,0.0329526791656405,0.0593120815065571,"Day4"
-0.880254523786221,-0.463548439319847,0.101364775726218,"Day7"
-0.519778622814992,0.852180667808386,-0.0601522458284336,"Day0"
0.47581903893319,-0.636280314967955,-0.607242622823016,"Day7"
-0.599343451479515,0.767945823509931,-0.225935033410662,"Day0"
0.982254873267753,0.0455429290034572,0.181937367133685,"Day4"
-0.669245263076288,-0.600316658568208,-0.437870628491397,"Day7"
-0.786078735119888,-0.108218132331804,-0.608579541249074,"Day0"
0.86376338141552,-0.469358768700982,-0.183344394976023,"Day4"
-0.392143329818034,0.8183511674173,-0.420148754212084,"Day0"
0.970894156202016,-0.22149559357152,0.0911275999967925,"Day4"
-0.895453407546916,-0.428237418611498,-0.121556193645481,"Day7"
0.986121545831787,-0.0562435990789824,0.156208048476926,"Day4"
-0.469294765141422,0.881350598544053,0.0546218441367343,"Day0"
-0.903060093036473,-0.381496616793007,0.197339301053913,"Day7"
-0.20891181869424,0.944626973287249,-0.253052827188386,"Day0"
-0.923213277650395,-0.381773405020592,0.0438897617787695,"Day7"
0.989795869971901,-0.0568372395555002,0.130666231239285,"Day4"
0.981183774070157,-0.180292216337882,0.0690877574496182,"Day4"
-0.637551132399746,0.722348241893762,-0.267846170420248,"Day0"
-0.874214675636358,-0.475557320895793,0.0979486367665931,"Day7"
0.817963585128137,-0.562803136732046,-0.119114242174876,"Day4"
-0.892397019997699,-0.389305947465959,0.228185095847335,"Day7"
-0.542838500864651,0.806235844682551,-0.235181046702391,"Day0"
-0.197443546294447,0.851845004221222,-0.485155784063242,"Day0"
-0.876745381357249,-0.480571426037895,0.0192000193915354,"Day7"
0.668351420155628,-0.666075794457476,-0.331133530790522,"Day4"
-0.947808388949862,-0.262259074711465,0.181326874918624,"Day7"
0.875256641666462,-0.440513000113328,-0.199685021846661,"Day4"
-0.628016592034193,0.771856116205497,-0.0991629769920401,"Day0"
-0.721044958441437,0.657501694638178,-0.21859938118419,"Day0"
0.172813127834678,-0.84261256119072,-0.510038914762012,"Day7"
0.988759115143163,-0.00550029104315024,0.149416060113193,"Day4"
-0.936130888222278,-0.294744619941603,0.191793037234538,"Day7"
-0.67271816513402,0.699540715495688,-0.241025014599102,"Day0"
0.987243688629041,-0.152465848917545,0.0458700793107815,"Day4"
-0.653719503290735,0.734711166377972,-0.181246553117115,"Day0"
-0.889749047796131,-0.405972894842135,-0.208644771320476,"Day7"
0.987270507796818,-0.0521427474750205,0.150260035672727,"Day4"
-0.606082544663846,0.764646891576385,-0.219041275234531,"Day0"
0.53059404674309,-0.663653950403367,-0.527288717568276,"Day7"
0.981361436444139,-0.0624999550336252,0.18172365470981,"Day4"
-0.770260390345663,-0.573410840774697,-0.279103813565135,"Day7"
0.968766917928463,-0.243075303330542,0.0490413666015979,"Day4"
-0.701236364533948,0.712928739395986,-0.000416651488700209,"Day0"
0.929114095238037,-0.36346797015446,-0.0681031034667336,"Day4"
-0.627774235709498,0.748285279000953,-0.214403008863731,"Day0"
-0.927647177499737,-0.3684811966293,0.0607644781711361,"Day7"
0.990865180703074,-0.0752918996990987,0.111880845143238,"Day4"
-0.449862526924889,0.868522848152053,-0.20806674195219,"Day0"
-0.932746429818243,-0.275165692399696,0.232954801168632,"Day7"
0.979522098896598,-0.176104771372498,0.0975887661211233,"Day4"
-0.891841758374507,-0.42237164693495,0.161927359902288,"Day7"
-0.691281286708044,0.722538559211676,-0.00825912220435072,"Day0"
-0.891176413812628,-0.449395728781568,0.0620328817398178,"Day7"
-0.596978821839615,0.78531930197588,-0.163981341069957,"Day0"
0.74624685682498,-0.632649079938324,-0.20705257866549,"Day4"
-0.670016016936818,0.732530388008323,-0.120323595742888,"Day0"
0.761403502952264,-0.614250515954469,-0.207270377385893,"Day4"
0.387519799647892,-0.78175076903822,-0.488563342862528,"Day7"
0.909559909978774,-0.411517956674439,-0.0579114970787227,"Day4"
-0.605712283591275,0.754639128439258,-0.252254663653774,"Day0"
-0.69505218021086,-0.511610283955349,0.505131056395524,"Day7"
0.962546662911009,-0.246508412959936,0.112860639989563,"Day4"
-0.635607373478642,0.739393950560012,-0.222035701306884,"Day0"
-0.577434595754053,-0.504102159948531,-0.642222936340318,"Day7"
0.177104175786124,-0.960460572369894,-0.21482457923155,"Day7"
-0.615822941603491,0.787467244459018,-0.0256406610473371,"Day0"
0.984604700827338,-0.0172496307340076,0.173942615101213,"Day4"
-0.89984446902854,-0.33227173944019,0.28262240308959,"Day7"
0.951644196657202,-0.303547446943059,-0.0472469091372031,"Day4"
-0.552004011238273,0.779390217592551,-0.296382287422667,"Day0"
-0.923775289431647,-0.296016302348689,0.242927074199825,"Day7"
0.994471906423549,-0.0430003964511829,0.0957945365840498,"Day4"
-0.720041155723738,0.684699334095665,-0.112816470220336,"Day0"
-0.751711321037348,0.644466790598718,0.139973731963086,"Day0"
-0.875045091083974,-0.395235637360389,0.27943671829265,"Day7"
0.991157833368276,-0.0542762832646025,0.121079455018947,"Day4"
-0.5489608234825,-0.663224124747752,-0.508700083186541,"Day7"
0.984690121027023,-0.139377038895773,0.104687184413531,"Day4"
-0.0598372298742078,0.878536537968882,-0.473912499702879,"Day0"
0.95825000817312,-0.279176825592963,0.0617836700759278,"Day4"
-0.613858180902474,0.770222068450126,-0.17302051615781,"Day0"
-0.869667411562998,-0.365099495773302,-0.332236288582984,"Day7"
0.987076296790886,-0.0493323455063182,0.152468698428355,"Day4"
-0.447636132825886,0.881503237336028,-0.150246248388397,"Day0"
-0.900578133326365,-0.431106196506107,0.0557357435443156,"Day7"
-0.524980498576634,0.825660818549178,-0.206590631024088,"Day0"
-0.781715175382261,-0.607530473979824,-0.140812313960577,"Day7"
0.973525550420047,-0.0843031291458876,0.212464079541828,"Day4"
0.986487644364938,0.0509108363754674,0.155724802953371,"Day4"
-0.92019695515181,-0.391058436273154,0.0176313116055875,"Day7"
-0.443773441022687,0.843664809810185,-0.30215032968843,"Day0"
0.935381926721834,-0.349867448686523,-0.0515113532314312,"Day4"
-0.430108162762883,0.75499511616376,-0.494963981410373,"Day0"
-0.928352859098148,-0.225201726900361,0.295711263237282,"Day7"
-0.820246047001988,-0.571360065166112,0.0272781654623001,"Day7"
-0.40815826030835,0.835653026425185,-0.367547077213912,"Day0"
0.988547644543734,-0.104111804054703,0.109244161049962,"Day4"
-0.904759679480055,-0.423907958524403,0.0413758998309658,"Day7"
-0.451987121398944,0.824173523612809,-0.341241329655629,"Day0"
0.974936806819428,-0.126989907005543,0.182679463069774,"Day4"
-0.83831660816731,0.326001191090158,-0.436976530123364,"Day0"
0.827911979885329,-0.511375048769073,-0.230341731040604,"Day4"
-0.890162022947388,-0.454911881995384,0.0258215514954574,"Day7"
-0.827449488509639,-0.450381804947847,0.335385708904028,"Day7"
0.836555044922072,-0.526952285119307,-0.149989819731106,"Day4"
-0.742561119358981,0.641722029020357,-0.191822369619219,"Day0"
0.896168375189244,-0.405624299492947,-0.179864312667987,"Day4"
-0.67807187639922,0.732649184744815,0.058683068505311,"Day0"
-0.850317181125503,-0.525077307804865,-0.0354190952901662,"Day7"
-0.655329954526898,0.742501294368676,-0.138688422590409,"Day0"
0.954220624752642,0.119867138201341,0.274034429362624,"Day4"
-0.882976337150675,-0.0743712532401553,0.463488624157558,"Day7"
0.991017551895623,-0.0301540788762866,0.130287924850804,"Day4"
0.235371823681821,-0.825567438733234,-0.51287279974682,"Day7"
-0.744096137744612,0.662235174494192,0.0881221394213628,"Day0"
-0.475811097082247,-0.873993540049655,-0.0986868372421596,"Day7"
-0.276081865697429,0.847019083274668,-0.45424385081316,"Day0"
0.957918346892302,-0.286497799921833,0.0176479836544691,"Day4"
0.999309483488042,-0.0075074336600455,0.0363894854415664,"Day4"
-0.642799282030059,0.712678600822573,-0.280888403020166,"Day0"
-0.279739788501413,-0.83991469670227,-0.465068761574799,"Day7"
-0.727143178138536,-0.614754229409765,-0.30551601579851,"Day7"
-0.476558588928683,0.812200149682936,-0.336485999966297,"Day0"
0.989899064830738,0.0134144238326896,0.141137857006786,"Day4"
0.82100224342449,-0.512962158324026,-0.250649437301404,"Day4"
-0.92895586615494,-0.347016838118656,0.128919792112988,"Day7"
-0.750319586413069,0.660651640046079,-0.0236628136397152,"Day0"
0.882698339550106,-0.443266840736793,-0.156070975068101,"Day4"
-0.429135702465423,0.806994653541501,-0.405711939712081,"Day0"
-0.913323581096526,-0.407225690004861,-0.0026969636784017,"Day7"
0.954539651133072,-0.289381173690531,-0.0715023826752918,"Day4"
-0.82875384401939,0.466281929080831,0.309432106665974,"Day0"
-0.88392466935139,-0.0276255617962385,0.466812603993807,"Day7"
-0.742979786891464,0.598424049699136,0.299782743019676,"Day0"
0.880093862453215,-0.474141291185844,-0.0249965850628178,"Day4"
-0.682384222402595,-0.656638098018007,-0.3212136068838,"Day7"
-0.603640962285602,0.794530311087952,-0.0658724025172479,"Day0"
0.701705158069725,-0.570438716419429,-0.426860096457958,"Day4"
-0.897872180860629,-0.214130875702849,0.384673257333168,"Day7"
-0.84759872011689,-0.48858340911233,-0.207032997361251,"Day7"
-0.272453099060086,0.890044961266953,-0.365498667214892,"Day0"
0.912664716637874,-0.398031546324469,-0.0928116540896727,"Day4"
-0.590183937853973,0.785591897743153,-0.185817893916298,"Day0"
0.991989336589184,-0.123228071089849,0.0277848625842524,"Day4"
-0.918987659014796,-0.367455364662647,0.142962364135271,"Day7"
-0.604865157510739,0.746914781935333,-0.276145703852157,"Day0"
0.970445514640626,0.0210205962638227,0.2404030732886,"Day4"
-0.909966487123815,0.0478530844622585,0.41191148881646,"Day7"
-0.906918754426038,-0.40713738138275,0.108339861321312,"Day7"
-0.474484802890618,0.844862246375316,-0.247127409397471,"Day0"
0.972552719454911,0.00846236678150555,0.232528699797062,"Day4"
-0.929510723482385,-0.286189541315261,0.232605591878212,"Day7"
0.987425153199039,-0.0479207716937668,0.150649150246951,"Day4"
-0.644548030640499,0.764213307305283,-0.0231485881853339,"Day0"
-0.82853029759303,-0.544014408840782,-0.132611722498501,"Day7"
0.97167971039599,-0.235299370971187,-0.0217427327014918,"Day4"
-0.69055969985499,0.686129797014433,-0.228808222284776,"Day0"
-0.733142710124411,-0.462995631972583,0.49813332689727,"Day7"
0.996935311574761,-0.0474687289503029,0.0621828296813333,"Day4"
-0.899474919097599,0.0923466704250372,-0.427102988020193,"Day0"
0.557946021295367,-0.702431221927745,-0.441912452621292,"Day4"
-0.909014448574989,-0.398888585294822,0.120750274547944,"Day7"
-0.513213718403426,0.764810807131612,-0.389456170238989,"Day0"
-0.727716701916548,0.676401693407659,-0.113618444395944,"Day0"
0.877466651411333,-0.461296760565107,-0.131368087270541,"Day4"
-0.347175334835331,-0.773262795931477,-0.530597715138514,"Day7"
-0.237294971372043,0.926668911213908,-0.291506132956359,"Day0"
0.894652675907425,-0.441944325180176,-0.0654354867997727,"Day4"
-0.861420527535649,-0.500169959196464,-0.0882308713411151,"Day7"
-0.636136133344047,0.763052213457813,-0.114377180377979,"Day0"
0.888234940919212,-0.447529617711659,-0.103710804649757,"Day4"
-0.782080330530141,-0.607270113914723,-0.139904843889924,"Day7"
-0.835171395409737,-0.549332860909414,0.0268728155285441,"Day7"
-0.7322971709434,0.675492904411899,0.0863144803464084,"Day0"
0.968976066507401,0.0699577562760347,0.237047030929875,"Day4"
0.967802737106887,0.0964186365729459,0.232510878390306,"Day4"
-0.827613948487365,-0.456181729086762,0.32703727970457,"Day7"
-0.586084991098986,0.788563475258587,-0.18620426605371,"Day0"
-0.823458436922405,-0.278151668049463,0.494517797680337,"Day7"
0.973706189287909,0.0972170099626419,0.206022110260869,"Day4"
-0.702686284027269,0.711367208217991,-0.0137361316275339,"Day0"
0.890529721973664,-0.437482124962594,-0.124764596820255,"Day4"
-0.829374177606845,-0.521305719883602,-0.20094481813575,"Day7"
-0.718720339884879,0.686385735018296,0.110976104631396,"Day0"
-0.29094412875467,0.875791491560392,-0.38515033071985,"Day0"
-0.885699568666926,-0.459661184253749,0.0651756837606034,"Day7"
0.862779866956286,-0.458643433315848,-0.212737167065714,"Day4"
-0.848857183917056,-0.526540103133609,-0.0468721783625776,"Day7"
-0.506919299197874,0.858595875460771,0.0764587911393319,"Day0"
0.992508286593429,-0.0656722538279349,0.103026482617507,"Day4"
-0.913651392292442,-0.282031578598984,0.292744465421717,"Day7"
-0.553938773944699,0.8316924245155,-0.0379413458402939,"Day0"
0.81068680658432,-0.558183638728586,-0.176685956108099,"Day4"
0.927831490602777,-0.372827541066361,0.011329151258565,"Day4"
-0.902341624723236,-0.417317948578627,0.107820786891754,"Day7"
-0.529776465012178,0.837617381822051,-0.133169136021723,"Day0"
-0.944070739111416,-0.326986958008215,0.0425437286348819,"Day7"
0.915451980618912,-0.359864902241975,-0.180124743761884,"Day4"
-0.49038246003601,0.848782687787603,-0.197719477546052,"Day0"
-0.453602539833851,0.806968166912985,-0.378215696984376,"Day0"
0.878115735282264,-0.447287141135856,-0.169843954335153,"Day4"
-0.7861856506799,0.106381616552245,0.60876520459431,"Day7"
-0.936979079454651,-0.320676970776523,0.138695656305122,"Day7"
0.97658533174353,0.0722389896119257,0.202639132951233,"Day4"
-0.405131914905055,0.825042507381852,-0.393920033177332,"Day0"
-0.344494149600701,0.843593796485865,-0.411914174824628,"Day0"
0.313377830479524,-0.75566896102076,-0.57511629842472,"Day7"
0.984906804974351,0.067995161678127,0.15917048565479,"Day4"
0.914499235407222,-0.388135363389398,-0.114201962006728,"Day4"
-0.8210856338761,-0.569147779942943,0.0434647722679308,"Day7"
-0.853592336753788,0.298839299235733,0.426702701968835,"Day0"
0.974481115270079,-0.22011095345119,0.0440195882851246,"Day4"
-0.935739822002982,-0.296213789258615,0.191437657139028,"Day7"
-0.485715760787999,0.809297036907101,-0.330330903452162,"Day0"
-0.815313007312177,-0.556773569069845,-0.158958777338028,"Day7"
-0.629702850703522,0.776279234585409,0.029408668234879,"Day0"
0.988930599091411,-0.05167388471115,0.139090185921085,"Day4"
-0.918825378028301,-0.363494289906643,0.153726464528445,"Day7"
-0.466644768546909,0.814595542936011,-0.344494936706748,"Day0"
0.992670811188878,-7.74504499143698e-05,0.120849719135145,"Day4"
-0.528136945221122,0.837373537965617,-0.140985548931259,"Day0"
0.926335010062199,-0.363474970977162,-0.0989413695388199,"Day4"
-0.787453271779044,-0.61512926640032,-0.0391577627333749,"Day7"
-0.257297052564727,0.837477262810755,-0.482110009247382,"Day0"
-0.803931085389253,-0.592167868471041,-0.0550638310991991,"Day7"
0.984676873526414,-0.016023223587496,0.173651118764354,"Day4"
0.753738947819782,-0.627186198944461,-0.196252567863776,"Day4"
-0.0390324293699665,-0.900368044385721,-0.43337495786733,"Day7"
-0.56491039372279,0.824933890255837,-0.0189821961672809,"Day0"
0.938252615165987,0.271336612855527,0.214612377691214,"Day4"
-0.70933046382964,-0.610040861982446,-0.353129494371315,"Day7"
-0.596706830698198,0.720349228001544,-0.353607052977867,"Day0"
0.969366782937157,0.0418121463522952,0.242032610520734,"Day4"
-0.830696632252025,0.00356145763728144,0.556713949155796,"Day7"
-0.606921522971861,0.404576521506283,-0.684079018242333,"Day0"
-0.890582995115305,-0.447073404371379,0.083590070673721,"Day7"
0.725177952611874,-0.637511106272838,-0.260185561521836,"Day4"
-0.600016410247887,0.711611213694257,-0.365499367958176,"Day0"
-0.924096638558831,-0.381447848861757,0.0233010987510935,"Day7"
0.909111920447082,-0.408842186410751,-0.0797720672409478,"Day4"
-0.367749587886203,0.855830993214916,-0.363749297816914,"Day0"
0.85304473207654,-0.482167358628012,-0.199572852237347,"Day4"
-0.87886231930332,-0.436766975816179,0.19192611220253,"Day7"
-0.968733371886038,0.129107644155902,-0.211865217567255,"Day0"
0.989523771040328,-0.0743200237533747,0.123770919910235,"Day4"
-0.901627143789811,-0.275374361960427,0.333522794357919,"Day7"
-0.595035670719857,0.716381133117506,-0.364322141358782,"Day0"
-0.0991006501413892,-0.742387277490734,-0.662601080108877,"Day7"
-0.285309510527296,0.919740440991594,-0.269584874218238,"Day0"
0.979079393401854,0.068135660728006,0.191731773978692,"Day4"
-0.859419655660861,-0.508944317926345,0.0487189564159043,"Day7"
-0.571373634693991,0.797335051820409,-0.194393890632197,"Day0"
0.904969753722069,-0.418414965486211,-0.0771923668855263,"Day4"
-0.254443460412998,0.904052074802082,-0.343436124336258,"Day0"
-0.936351237861399,-0.347263125815562,0.0515235946361627,"Day7"
0.942945269271189,0.301732380380664,0.140754359750958,"Day4"
-0.826078611615048,-0.560377680562062,-0.0597576987511865,"Day7"
0.978621674499196,0.0230040193667416,0.204378162466945,"Day4"
-0.150818056520379,0.967946682494592,-0.200831107339298,"Day0"
-0.705315639402445,-0.699392696319495,-0.115670675407668,"Day7"
-0.395527182552403,0.885843547067376,-0.242568460400868,"Day0"
0.980606543102763,-0.0124122373602362,0.19559331273784,"Day4"
-0.484971556418305,0.838869332328639,-0.247185826340652,"Day0"
0.993667366524951,-0.08880476779003,0.0688395084317674,"Day4"
-0.753485043821217,-0.657389332550515,-0.00997768442712885,"Day7"
0.989910116694373,0.0154155489095756,0.140855676910624,"Day4"
-0.671141108608046,-0.71423868199155,-0.198576729460775,"Day7"
-0.607220655085519,0.786570992995452,-0.112201377066688,"Day0"
0.893571848970641,-0.44865407231564,0.0154555531050338,"Day4"
-0.723646456996309,-0.653608681736644,-0.221656257378798,"Day7"
-0.566020194904782,0.803418123235511,-0.184771367415739,"Day0"
0.966560758019239,-0.0310180402733123,0.254554870774217,"Day4"
-0.908649300876214,-0.222944492662197,0.353061186211063,"Day7"
-0.322794064062532,0.828203401829652,-0.458130022377693,"Day0"
-0.28661159247723,0.873592794905715,-0.393305763683279,"Day0"
0.965492318957107,-0.00517431203149606,0.26038012314658,"Day4"
-0.855714302433618,-0.428775319757982,0.289663179877918,"Day7"
0.982264870841055,0.0314820638400179,0.18483669324022,"Day4"
-0.751659957486635,-0.659345859627399,0.0164421927794779,"Day7"
-0.540064099242621,0.81887738362107,-0.194346595810596,"Day0"
0.985639473607623,-0.0424085161592091,0.163451356138952,"Day4"
-0.895882171121445,-0.442417195902108,0.0407695994196844,"Day7"
-0.272141854325315,0.864721342819135,-0.422132455986804,"Day0"
-0.409267266230769,0.833615791442056,-0.370924543607493,"Day0"
0.881646652109779,-0.440301463771796,-0.169805187859594,"Day4"
-0.82666118530467,-0.530447902114808,0.187766631361054,"Day7"
-0.218822209518458,0.846186902637554,-0.485885342880522,"Day0"
0.933922134999465,-0.333210345758201,-0.129461620713404,"Day4"
-0.89506891261754,-0.415148302254748,0.16279904422525,"Day7"
0.982583117125198,-0.0433103867066211,0.180705916737256,"Day4"
-0.202175922563443,0.809327114511083,-0.551465790464636,"Day0"
-0.889370791535849,-0.455952829536554,-0.0335650473038148,"Day7"
-0.267085879500429,0.846777261659847,-0.460036305205724,"Day0"
0.567837620482427,-0.732992287130825,-0.37454338036011,"Day4"
-0.898010072269129,-0.439785328029078,-0.0129141532262142,"Day7"
-0.883023170184519,-0.406180339686232,0.235133180494928,"Day7"
-0.602194792603199,0.688739532228688,-0.403731703618874,"Day0"
0.969682736210646,-0.207274946548747,0.129431401245015,"Day4"
-0.594561765965668,0.804038957414511,-0.0042025482236513,"Day0"
-0.880793451311997,-0.418526016958432,-0.221447215504756,"Day7"
0.82902410459494,-0.521562522750649,-0.201721513137636,"Day4"
0.998343602690601,-0.0564571774802054,-0.0110742077694343,"Day4"
-0.225281802714404,0.900945989969621,-0.370869832317766,"Day0"
-0.869027071194486,-0.273765734857035,0.412121671292983,"Day7"
-0.785090968421704,-0.603481106658699,0.139437172980032,"Day7"
-0.257407167783906,0.82869974644656,-0.496989215388901,"Day0"
0.812288887177899,-0.56819561546689,-0.131683356319214,"Day4"
0.713937589826989,-0.649817647850038,-0.260825885169923,"Day4"
-0.897153834839884,-0.258610537369797,0.358099967318337,"Day7"
-0.33804675400016,0.869745564509976,-0.359537265280219,"Day0"
0.989117276931945,-0.0558569954582647,0.136113954218918,"Day4"
-0.899393052906408,-0.154954291817671,0.408755799752096,"Day7"
-0.603218147050488,0.789281221509548,-0.114730207187869,"Day0"
-0.594303260971184,0.781516126335419,-0.189831973799719,"Day0"
-0.641987188996313,-0.705681771982855,-0.299776059510679,"Day7"
0.969529325225717,0.222992504127017,0.101425985972664,"Day4"
-0.481308581523527,0.863449370953883,-0.150987526475381,"Day0"
-0.911976967833694,-0.139361758352153,0.385844930574263,"Day7"
0.98887619336289,0.0298190654022688,0.145721300909149,"Day4"
-0.696299032054386,-0.652434766207731,-0.29915971286854,"Day7"
0.991438829693009,0.126720136223661,0.0314810109814292,"Day4"
-0.701157907519569,0.712938867278271,-0.00978571646609108,"Day0"
0.986948967611616,-0.0885865189119888,0.134477373551917,"Day4"
0.145655318829817,-0.761947082477935,-0.631047677754975,"Day7"
-0.455094620439536,0.835232567481879,-0.308667206979658,"Day0"
-0.813162088864512,-0.579449133404698,-0.0548280861424801,"Day7"
-0.437622178842217,0.864566177222682,-0.247006384103628,"Day0"
0.984073753541104,-0.0291323223598508,0.175357222222082,"Day4"
-0.911439765154666,-0.305844937026598,0.275202523589454,"Day7"
-0.326608970695175,0.896160982859848,-0.300369893732895,"Day0"
0.987667940795351,-0.112731282540221,0.108644818845203,"Day4"
-0.650485804863633,0.751177107771182,-0.112254934998128,"Day0"
0.982816430079293,-0.136456215235552,0.124304328523921,"Day4"
-0.644366847084635,-0.644949637150583,-0.410890900261296,"Day7"
0.687579722528383,-0.652859458157542,-0.317818585142582,"Day4"
-0.566672473481551,-0.567902978536696,-0.596966091807106,"Day7"
-0.65999659603622,0.740331387750446,-0.127725993956214,"Day0"
-0.277480835455654,0.897693456948248,-0.342273053726315,"Day0"
0.796038672994985,-0.565126672637215,-0.216689351308213,"Day4"
0.148650031408749,-0.695297232863496,-0.703182000718551,"Day7"
0.979254892377922,-0.199235626178423,0.0369461908076494,"Day4"
-0.830653356886594,-0.556675404563188,0.0112913527729691,"Day7"
-0.626226403930426,0.779350764248004,-0.0212809136650544,"Day0"
-0.914550035082831,-0.35596418723698,0.192061788845957,"Day7"
0.983028250347372,0.166887762356544,-0.0761835533078508,"Day4"
-0.30929554860777,0.890347390870066,-0.33409248297782,"Day0"
-0.892473638898392,-0.451070036121217,-0.00516007607179334,"Day7"
-0.537339267402293,0.835083522320042,-0.117906838042241,"Day0"
0.954280438890307,-0.0241471202816788,0.297935832912767,"Day4"
0.979244792775757,-0.0307721928237336,0.200331495203283,"Day4"
-0.917684540255544,-0.389518700854286,0.0782960168894887,"Day7"
-0.475979256097344,0.795889810858256,-0.374169957020908,"Day0"
0.797273976145817,-0.55588056357147,-0.235267945126622,"Day4"
-0.59183970402281,0.795429424772828,-0.130452270765062,"Day0"
-0.916001723613085,-0.274462217888272,0.292594144318898,"Day7"
-0.552472878108644,-0.794097290236093,-0.253344059717307,"Day7"
0.983605650975301,-0.151047466899554,0.0985118577262748,"Day4"
-0.356413729047231,0.858400306312639,-0.368941957317157,"Day0"
-0.557046947721645,-0.82035450002254,-0.129294981831343,"Day7"
0.24288193446038,0.738403162543744,-0.629101848239361,"Day0"
0.915822020936978,-0.393234828186758,-0.0814640771618973,"Day4"
0.889451215718614,-0.438375741013688,-0.129241032754226,"Day4"
-0.676113826083844,-0.651891080792256,-0.343377507943911,"Day7"
-0.305014322407901,0.866496907721609,-0.395157401594527,"Day0"
-0.861800100481489,-0.504244190911099,0.0551215270335147,"Day7"
0.982154619397235,-0.130438021834438,0.135492531368304,"Day4"
-0.317777340212297,0.85071770932601,-0.418684775322323,"Day0"
-0.501329991386797,0.809068420012956,-0.306718978013838,"Day0"
-0.0626020630794428,-0.839354301725062,-0.539967904484916,"Day7"
0.82004671528078,-0.503631985342254,-0.271805460021359,"Day4"
0.984839538559319,-0.0982503205410265,0.142961385709058,"Day4"
-0.478840477000337,0.76669650498958,-0.4276543777665,"Day0"
0.468614482269254,-0.715460125267997,-0.518186526415944,"Day7"
0.818693268228202,-0.503949160048873,-0.275275455941609,"Day4"
-0.440473194280257,0.895818233036135,0.0591021021670496,"Day0"
-0.699528849403608,-0.631815048517006,-0.333869934734346,"Day7"
-0.560104169404647,0.769634098857019,-0.306507215725952,"Day0"
-0.830298062161768,-0.547237031361996,-0.105530846090238,"Day7"
0.947663058084883,-0.310744139701706,-0.0732994405316653,"Day4"
0.968297934291011,-0.0903564661421741,0.23288370375374,"Day4"
-0.527256775806093,0.824336375349216,-0.206082101703861,"Day0"
-0.813643039383933,-0.284200758605766,0.507163615877543,"Day7"
-0.588246294467216,0.782645752064039,-0.20354833288854,"Day0"
0.984161177195449,-0.00438719594444437,0.177221696789677,"Day4"
-0.947664540576829,-0.319261672335571,-0.00197562921653292,"Day7"
0.853951492259976,-0.506829045899117,-0.117860795432371,"Day4"
-0.92113536292753,-0.361267665882637,0.144897607820412,"Day7"
-0.403962466051736,0.814474086623275,-0.416468832255886,"Day0"
0.993674430995642,-0.0959619451592174,0.0583303545912943,"Day4"
-0.878752383345166,-0.358507930507842,0.315065568617352,"Day7"
-0.663750389026229,0.714088650086395,-0.222514765544494,"Day0"
-0.550965964883864,-0.646535914000579,-0.527662598112685,"Day7"
0.909071289288641,-0.388597755474521,-0.15027034115637,"Day4"
-0.716987662405236,0.690163413600399,-0.0979956860587242,"Day0"
-0.897132848207832,-0.436985938621289,0.0647760921465144,"Day7"
0.940829081615187,-0.334805684974888,-0.052400310071783,"Day4"
-0.611437705731696,0.789738869811927,0.0495625818308446,"Day0"
0.960123557544849,-0.279548428322349,0.00392816368377389,"Day4"
-0.920652806744012,-0.32170734226738,0.221139764324811,"Day7"
-0.672142124365766,0.70498221519194,-0.226329496345792,"Day0"
-0.912245418837456,-0.378710120940198,0.156163184225776,"Day7"
-0.427452521763745,0.797223459825384,-0.426285229326398,"Day0"
0.986565175078802,-0.163285978322424,-0.00518117795702511,"Day4"
0.984952359037812,-0.114762394623917,0.129222456276121,"Day4"
-0.687045010836635,0.725973330496495,-0.0305266521635316,"Day0"
-0.866836282780719,-0.453632163115082,-0.206912347245001,"Day7"
-0.261841220455381,0.860627407965916,-0.436760391895036,"Day0"
-0.907766147521048,-0.40524870494007,0.108324090391709,"Day7"
0.971188715709251,-0.208939347289903,0.114616000772514,"Day4"
-0.963080932971199,-0.220130730855781,0.154976055828716,"Day7"
-0.519145977230599,-0.0491333916862415,-0.853272151278063,"Day0"
0.8897350079995,-0.411962375567709,-0.196617945917302,"Day4"
0.985772076262893,-0.00881425078523153,0.167856255896048,"Day4"
-0.759238197493453,-0.628977672893176,-0.167165924963127,"Day7"
-0.412937569948368,0.835809702961036,-0.361807550724584,"Day0"
0.986680037581933,-0.0375589923563932,0.158277684878465,"Day4"
-0.734006130015007,0.673413532930087,0.0880296243716392,"Day0"
-0.920376904017969,-0.389171710615413,0.0381016299778725,"Day7"
0.659192938125352,-0.621664012356682,-0.423082174129632,"Day7"
0.862264871995506,-0.490283094028556,-0.126971564660592,"Day4"
-0.379272442518453,0.916917120164675,-0.124158805950304,"Day0"
-0.862906404187639,-0.499451336241779,0.0770772361872169,"Day7"
-0.516041883212905,0.854105830026371,-0.0648383056922546,"Day0"
0.67966130341623,-0.631660402415035,-0.372915068962664,"Day4"
0.728291307137311,-0.615781945277195,-0.300673191054442,"Day4"
-0.904814980610681,-0.425794632395873,-0.00296342459939682,"Day7"
-0.501134130925467,0.828446570194216,-0.250081712956019,"Day0"
-0.718304872282256,0.670736867990496,-0.184797630866503,"Day0"
0.980638468034123,0.0313057922886089,0.193308412597254,"Day4"
-0.873378913048981,-0.0676997508440137,0.482313194902482,"Day7"
0.997530028967169,-0.0426754359151159,0.0557911146887627,"Day4"
-0.342461238395996,0.899226324528478,-0.272235775516894,"Day0"
-0.548819346775383,-0.772550335757008,0.319316932414765,"Day7"
-0.627608253942777,0.768514063273883,-0.124474953838771,"Day0"
0.896580166067918,-0.42264625721858,-0.13234102566004,"Day4"
-0.879783899668214,-0.420557343395581,0.221611847157684,"Day7"
-0.465536575148295,0.853637264002121,-0.233621742794133,"Day0"
0.417694761040824,-0.740884710407399,-0.525947651847209,"Day7"
0.982847554628352,-0.111589001652644,0.146828400084026,"Day4"
-0.0759886459058361,-0.830043786380299,-0.55249709355331,"Day7"
-0.433902096802522,0.856258994711131,-0.280266844929359,"Day0"
0.987364362679969,-0.0723120809280768,0.141005596560665,"Day4"
-0.712945988456852,-0.551334944834735,-0.433287198226952,"Day7"
0.969008634523354,0.215734486219081,0.12033660155985,"Day4"
-0.642389921827067,0.761043310966912,-0.0902677526447497,"Day0"
0.976401949175396,-0.209064797154268,0.054140042827214,"Day4"
-0.693866648977602,0.696129176261686,-0.184264058876982,"Day0"
-0.556703763499379,-0.818657168976344,0.141001274424261,"Day7"
-0.56368410712581,0.79929275568589,-0.2083058282474,"Day0"
-0.576714832190163,-0.705745296251076,-0.411489464204556,"Day7"
0.965518702569028,-0.253140257605173,0.0607753648200286,"Day4"
-0.870519743208763,-0.380513185588191,0.312097888934349,"Day7"
0.701810702794705,-0.657171396959965,-0.274931796015832,"Day4"
-0.41754290653225,0.891819611176201,-0.174114049766612,"Day0"
0.988449774996525,-0.0828790413961574,0.12687831495797,"Day4"
-0.91013016059162,-0.414029641514473,0.0155739118036645,"Day7"
-0.655121306968834,0.744395983777737,-0.129192462980709,"Day0"
-0.936075415768079,-0.325212292017628,0.13416326291224,"Day7"
0.897006779579471,-0.381668793466935,-0.22295239285991,"Day4"
-0.830822109531668,0.362054153900172,0.422671754387467,"Day0"
0.993554705834282,-0.100683724354868,0.0520752740231569,"Day4"
-0.504136109026813,0.0938516294828414,-0.858509554529663,"Day0"
-0.85195180120235,-0.518998313109025,0.0694181490538181,"Day7"
0.89204679296348,-0.448685129616096,-0.0541680129315837,"Day4"
-0.315849827703106,0.887861318015956,-0.334576099431635,"Day0"
-0.841757604226223,-0.533118378952709,-0.0850231130350136,"Day7"
-0.600410677228506,0.729300404328083,-0.328066973218733,"Day0"
0.986877037482949,-0.141711637159894,0.0774049402967326,"Day4"
0.196831280866444,-0.804247906830751,-0.560751951606796,"Day7"
0.994629727741605,0.0643226228730115,0.0810820872905776,"Day4"
-0.784865492942534,0.576728135374824,0.226651308964124,"Day0"
-0.724267184976502,-0.64905076503641,-0.232744815563881,"Day7"
0.727901937691209,-0.635182649242318,-0.258266860450376,"Day4"
-0.277532523990047,0.947837922940276,-0.156776815773181,"Day0"
-0.931366530148453,-0.318066546046716,0.177172398542051,"Day7"
-0.551074674756526,-0.669456824024148,-0.49814080701092,"Day7"
0.815535751572551,-0.523191103106424,-0.247330765448373,"Day4"
-0.679202996616066,0.717731909181,-0.153441180688736,"Day0"
-0.730066739340325,0.68176682832254,-0.0468673437268577,"Day0"
-0.526535169314643,-0.793938607576078,-0.304010201925789,"Day7"
0.956223949982059,-0.290828624382837,0.0324725841333196,"Day4"
-0.614497341451357,0.783427771354807,-0.0929190207613833,"Day0"
-0.806834364007083,-0.55541017453205,-0.201340127852259,"Day7"
0.885472088952463,-0.457584601606752,-0.0809661167313265,"Day4"
0.27472070758818,-0.72882271468904,-0.627173009125511,"Day7"
-0.402961552431387,0.910550187159317,-0.0923057090662302,"Day0"
0.981764891666646,-0.189836943971707,-0.00998159277180519,"Day4"
-0.871234825512989,-0.459707627772008,-0.172101062697431,"Day7"
-0.788853494625637,0.322604746172254,0.523102611123339,"Day0"
0.866709555787497,-0.476410821093787,-0.147808238780464,"Day4"
0.974943298792113,-0.181087567418297,0.12920084003936,"Day4"
-0.912070130378461,-0.399274840309341,0.0933149461092195,"Day7"
-0.412338242356813,0.910916616199605,-0.0144254019547424,"Day0"
0.9850134587463,-0.0839453454548501,0.150670717344539,"Day4"
-0.87864669323749,-0.4658855330655,0.104549789780267,"Day7"
-0.423883747871564,0.853732046194307,-0.302430424380944,"Day0"
0.944618608591049,-0.328133061849279,0.00493741075136934,"Day4"
-0.913767791487492,-0.395502629335595,0.0927690327032786,"Day7"
-0.672190273705767,0.739960995411354,0.024858825499291,"Day0"
-0.686597249373133,0.721356131510809,-0.0907168599820806,"Day0"
0.984134934352699,-0.00591713340588668,0.177322921583381,"Day4"
0.314826019673305,-0.780900166960692,-0.539517846393821,"Day7"
0.967598661642696,0.0236018696594274,0.251387711982591,"Day4"
-0.712938828365684,-0.614333133075493,-0.338102097914542,"Day7"
-0.035849667255722,0.830019062583278,-0.556581671550573,"Day0"
0.89850850625344,-0.438638604628236,-0.0166924749514743,"Day4"
-0.90272286658645,-0.373069141471865,0.21426815401125,"Day7"
-0.475091348021362,0.841436874828719,-0.257433868622066,"Day0"
0.962803355148177,-0.209663108335228,-0.17044377465494,"Day4"
-0.820973526029342,0.55675272580987,0.126605181024434,"Day0"
-0.7648270966713,-0.405847551223402,0.500327170322898,"Day7"
-0.474391438163809,0.864640300826881,-0.165378092814237,"Day0"
0.807242725004551,-0.556821647958115,-0.195726429723829,"Day4"
-0.764671675608332,-0.644399015497459,0.00520935199915914,"Day7"
0.99784628793279,0.025496345524347,0.0604377532975418,"Day4"
-0.860896529211034,-0.506230154475539,-0.0508743225219477,"Day7"
-0.714616972127884,0.699500199463596,0.00469617899630675,"Day0"
-0.552732984519185,0.802747095743606,-0.22379309216265,"Day0"
0.795445108297154,-0.549141379402776,-0.256341227885305,"Day4"
0.0191520410713188,-0.921402459220044,-0.388137485262705,"Day7"
-0.271566552279761,0.937844003510071,-0.216102366398627,"Day0"
-0.618384799723273,-0.707438337331572,-0.342244413168058,"Day7"
0.757978988239402,-0.582826353459719,-0.292884439840046,"Day4"
-0.684027013927362,0.579426790481795,0.443138396767401,"Day0"
-0.913409527787597,-0.26482914813394,0.309109295954505,"Day7"
0.865721862566323,-0.479373788133388,-0.14396675979316,"Day4"
-0.894887513045978,-0.365322412159297,0.256351076004173,"Day7"
-0.571623509981869,0.806737169149069,0.14973878171454,"Day0"
0.726029734495131,-0.6392771957875,-0.253388025713528,"Day4"
-0.397439213020306,0.917408071787067,0.0201122294571156,"Day0"
-0.831084648406498,-0.554559343159677,0.0419790673711996,"Day7"
0.897874392186163,-0.425904169966638,-0.111477414131102,"Day4"
0.989238728281653,-0.0491119505549769,0.137821459796302,"Day4"
-0.311496483296955,-0.846589124977238,-0.431574784207679,"Day7"
-0.32256151371359,0.848696567154415,-0.419127912183272,"Day0"
-0.520620919382534,0.811650632909353,-0.264909623077629,"Day0"
-0.967389517989383,0.00234316759694543,0.253282510351351,"Day7"
0.989923864154969,0.0288554742569023,0.138629379216325,"Day4"
-0.836064342045737,0.53585633060529,0.117704753131994,"Day0"
-0.89656493829393,-0.442895167271294,-0.00389643808293249,"Day7"
0.984157312313579,-0.0859328666902437,0.155080388966849,"Day4"
0.986168944763896,0.0594840351033063,0.154701202164339,"Day4"
-0.650664612501398,0.734040747471368,-0.194472988073101,"Day0"
-0.637148079943137,-0.757000509328644,-0.144888070940804,"Day7"
-0.72986444055136,0.683591140553302,-0.00102517105213063,"Day0"
-0.480045338406595,-0.843930702069821,-0.239452381859186,"Day7"
0.788312666627052,-0.555951835939813,-0.263591911390502,"Day4"
-0.924714643597579,-0.377001933441333,0.0526533009193047,"Day7"
-0.557759899167189,0.798227259826132,-0.227457988541778,"Day0"
0.449944784024914,-0.789234491798756,-0.417921772923993,"Day4"
-0.510029894396306,0.807490444268254,-0.296359054590124,"Day0"
-0.831070743655255,-0.551947052209208,-0.0683803378016529,"Day7"
0.880351312663967,-0.457204843845137,-0.126274688894383,"Day4"
-0.66558262785595,0.725168412511062,-0.176438485009802,"Day0"
-0.916431466631686,-0.142684170123257,0.373891153363562,"Day7"
0.982767289078383,-0.179806111656842,0.0428744414351161,"Day4"
0.821633997477457,-0.532292219916193,-0.20391803943228,"Day4"
-0.756145796786493,-0.635619397280506,-0.155664754529999,"Day7"
-0.760336549987826,0.64804639753974,0.0438656743750191,"Day0"
0.949982846875594,-0.312209272123076,-0.00761321499245086,"Day4"
-0.916296113409877,-0.347707451945303,0.198748485306575,"Day7"
-0.761372786407922,0.647496615465663,0.0325516985416718,"Day0"
-0.668871442124798,-0.733951888154916,-0.11800686329077,"Day7"
0.78932765737812,-0.572969485408061,-0.22060783777824,"Day4"
-0.386710004098996,0.824340712125901,-0.413422015695243,"Day0"
-0.398504249260596,0.820258196522842,-0.410330177245524,"Day0"
-0.924004199789761,0.0272861953731548,0.381407527866114,"Day7"
0.959023363717108,-0.265786900447651,-0.0981402638836554,"Day4"
-0.713152975639002,-0.624176393002787,-0.319087235337404,"Day7"
0.961900660955935,-0.264273744396298,-0.0700464594058444,"Day4"
-0.568608981456884,0.790460033953045,-0.22772079599702,"Day0"
-0.378194894653805,-0.542682998884194,-0.749975855864611,"Day7"
0.878618658372973,-0.456176976766816,-0.141180094300732,"Day4"
-0.662240342319082,0.738916981296639,0.124255477772883,"Day0"
-0.478303948971167,0.79878588608505,-0.364919772813023,"Day0"
-0.961139883465909,-0.1373551198115,0.239465436906262,"Day7"
0.97774789606861,0.0248564002314006,0.208305571459199,"Day4"
-0.899232378123577,-0.390203583819947,0.197793562352988,"Day7"
0.981278088763509,0.162003297401902,0.104154904558283,"Day4"
-0.618818918097776,0.565113897085308,-0.545627556053901,"Day0"
0.972598466396546,-0.232256886819239,-0.0104384715414346,"Day4"
-0.57901584205824,0.801139305242104,-0.151381862327644,"Day0"
-0.812429269118122,-0.409945258071897,0.414612551745071,"Day7"
0.372316106323605,-0.746692059609973,-0.551209293360922,"Day7"
-0.727435867279622,0.677010532974999,0.111775655829219,"Day0"
0.985271868604728,-0.0157825807212156,0.170265249190568,"Day4"
-0.92462740908139,-0.379517458055623,0.0321037911536037,"Day7"
0.820878995085079,-0.538727742485405,-0.189552353994061,"Day4"
-0.353515256163889,0.848891659557128,-0.392950269110132,"Day0"
-0.843195066517936,-0.509422380916168,-0.171787419858137,"Day7"
0.901706574306671,-0.401537258156801,-0.160290624067807,"Day4"
-0.244481213981759,0.851713295711051,-0.463479662896901,"Day0"
-0.687814508035304,0.666270026545989,-0.288089316467237,"Day0"
0.966184106135355,0.0593307988154789,0.25093451210095,"Day4"
-0.960426657789845,-0.207021895079101,0.186339931213055,"Day7"
0.982955901959907,-0.152973574752226,0.101964602827214,"Day4"
-0.718361434187131,-0.68978978566176,0.0902601876206326,"Day7"
-0.65157511685587,0.751812827959634,-0.101130306088711,"Day0"
0.888776938043641,-0.448935420127538,-0.0923717649321583,"Day4"
-0.905571020644085,-0.405231295644242,0.125414208126986,"Day7"
-0.526602228381298,0.840800561718237,-0.12547712332592,"Day0"
-0.349858769618094,0.795416757014246,-0.494884859318057,"Day0"
0.696442408703469,-0.649638981963742,-0.304855973325803,"Day4"
-0.902896242842947,-0.371666866669802,0.215967856126652,"Day7"
0.868587190531272,-0.485435437251553,-0.0995425974414277,"Day4"
-0.927831975279646,-0.278595928150652,0.248016399591935,"Day7"
-0.287642213091996,0.771895249780829,-0.566956506809235,"Day0"
0.959498916454678,-0.274489734859548,0.0633815018679211,"Day4"
0.610143034053122,-0.602374622258502,-0.514655508525244,"Day7"
-0.447389786319832,0.800738091367982,-0.3983225930437,"Day0"
0.981096420407066,-0.156511892308901,0.113814943791794,"Day4"
-0.813453401001529,0.509405549707893,0.280712576002296,"Day0"
-0.577084437360395,-0.710802274002487,-0.402161260478095,"Day7"
0.989812697638699,-0.0765170808700602,0.120066481285688,"Day4"
-0.658352915181066,0.752468687221306,0.0190345429164182,"Day0"
-0.926761223665145,-0.33708167560599,0.165799813876078,"Day7"
0.202670412031974,-0.800298336511305,-0.564311329554908,"Day7"
0.996446538422626,-0.02260555114782,0.0811374458734706,"Day4"
-0.378283008744713,0.863180260516336,-0.334397672165937,"Day0"
0.953461314720615,-0.290212884359488,-0.0817802120502426,"Day4"
-0.625094896653228,0.767786546452258,-0.140570940329091,"Day0"
-0.896528804282312,-0.391260601572964,0.207728776891624,"Day7"
-0.889337051642816,-0.455809462595112,0.0362952115852459,"Day7"
-0.553004182970737,0.788139681876021,-0.270226230165081,"Day0"
0.874273665608755,-0.477464183905272,-0.0875985771043277,"Day4"
-0.567135216249859,0.793053445076886,-0.222314821235358,"Day0"
0.96812143296389,-0.236024015043154,0.0838662945339386,"Day4"
-0.860801780650338,-0.484063302429467,0.157171923925003,"Day7"
0.7737477732137,-0.591829192523521,-0.225948202745226,"Day4"
-0.716459577683664,0.649426286658854,-0.254815956607583,"Day0"
-0.88184231664835,-0.367439796358089,0.295537010576674,"Day7"
0.990394989917446,-0.101810722538463,0.0935539455213898,"Day4"
-0.829689689374106,-0.555520765231943,-0.054878946258253,"Day7"
-0.804438353636803,0.490521830516287,0.335063082098075,"Day0"
-0.907972979602818,-0.303895577969607,0.288500513000756,"Day7"
-0.625269285317859,0.771146416350335,-0.119881297073941,"Day0"
0.909912145140843,-0.395499581286956,-0.12505986297383,"Day4"
-0.893127397357137,-0.447098123843592,0.0492617472853622,"Day7"
0.815381516608308,-0.51045726232068,-0.273105045207172,"Day4"
-0.587234039922016,0.770779846053408,-0.24709231326521,"Day0"
-0.769867911579186,0.628627676645878,0.110139197725007,"Day0"
-0.964635338991414,-0.23602774658947,0.11734379237444,"Day7"
0.991680252090882,-0.0460722397382566,0.120198279265824,"Day4"
-0.270570370663326,0.820945594801975,-0.502831984756679,"Day0"
-0.867844911481432,-0.496628303905556,0.0143365747539592,"Day7"
0.986963106261879,0.00213570201798627,0.160932487878592,"Day4"
-0.105791059931214,0.968350044227459,-0.226067342805873,"Day0"
-0.775039560601479,-0.530808367303863,-0.342864633205108,"Day7"
0.986951609900805,-0.113150352606154,0.114557921678568,"Day4"
-0.70602683895216,0.6633322855754,-0.248024961631963,"Day0"
0.328040751668537,-0.85801502809182,-0.395220795016324,"Day7"
0.986262663158147,-0.0351562521459881,0.161400115226873,"Day4"
-0.0163449934412518,0.85994452981156,-0.510125716697933,"Day0"
-0.0701079363335232,-0.855934327228952,-0.512309774193482,"Day7"
0.982147415324884,0.0444284677167353,0.182791044165169,"Day4"
0.990309643243386,-0.0638582381632172,0.123324514666988,"Day4"
-0.552092754558467,0.809200173084332,-0.200969326625559,"Day0"
-0.903752838976873,-0.3809722004951,0.195169127915159,"Day7"
0.983485438610732,0.00533062201786031,0.180908751887682,"Day4"
-0.551638822113732,0.822794386745336,-0.136762593852785,"Day0"
-0.811241951781138,-0.583669346156373,-0.0348796506249902,"Day7"
0.947101967185549,-0.318936415140583,-0.0357411086920533,"Day4"
-0.106022686830605,0.890736798673971,-0.441980933259868,"Day0"
-0.885936540473366,-0.421448690151676,0.193642577506911,"Day7"
0.909938492752132,-0.404122551584281,-0.0932571858303092,"Day4"
-0.780652561743048,0.624732541966583,-0.0170537049343629,"Day0"
-0.917619820378294,-0.369085451316776,0.147478116597682,"Day7"
0.956439349143882,-0.291418608718111,0.0172906304693381,"Day4"
-0.623950619824665,-0.623486165584888,-0.471116360727019,"Day7"
-0.59749880321444,0.791027663763159,-0.131416952174032,"Day0"
-0.906873837672027,-0.420884188968213,0.0208888013677344,"Day7"
0.977151593373424,0.0436579818677786,0.20801140398308,"Day4"
-0.507561922315166,0.825767158249326,-0.245946122906149,"Day0"
-0.861467864234889,-0.499241051805133,-0.0929058183489231,"Day7"
0.900837367419629,-0.406130014679562,-0.153461554263114,"Day4"
-0.35179023908606,0.874423322990692,-0.334106988693277,"Day0"
-0.575105000040027,0.775453815948702,-0.260625436708617,"Day0"
0.969874817480338,-0.243598842395885,0.00156281824465026,"Day4"
-0.859222599536077,-0.4970080168445,-0.121324175821488,"Day7"
0.884779734363531,-0.414545994748372,-0.212876583723251,"Day4"
-0.82637292876633,-0.562434618336977,-0.0278403070797987,"Day7"
-0.502549209956111,0.808250672539369,-0.306879686379118,"Day0"
-0.113736976739695,-0.91630560583767,-0.383989500940554,"Day7"
0.692810172411641,-0.63702901935052,-0.33794687971376,"Day4"
-0.599142261835336,0.659174582992018,-0.454441876613651,"Day0"
-0.462580767750146,0.825224878234066,-0.324072420380471,"Day0"
-0.636887317325816,-0.722177540074236,0.269878019930951,"Day7"
0.958333965040812,-0.285580403419293,-0.00631226045330658,"Day4"
-0.806519804811242,-0.523848545583909,-0.274059310618813,"Day7"
0.941359790663307,-0.332367956738755,-0.0580799953137047,"Day4"
-0.675777148044151,0.729372552879749,-0.106493780508496,"Day0"
0.990116327147343,-0.112439614068062,0.0838271549349053,"Day4"
-0.64322299513682,0.764700288976852,-0.0386994388323205,"Day0"
-0.851886576988031,-0.523719291932698,-0.00271352264181114,"Day7"
0.554615331308798,-0.737920454222379,-0.384545494730428,"Day4"
-0.504756825518812,0.799856488096501,-0.324730881719161,"Day0"
-0.866095430118273,-0.490282072826225,-0.0974792028766369,"Day7"
0.922023136823727,-0.382711807559402,-0.0583524422483836,"Day4"
-0.24930283150882,0.931478591829023,-0.264944770029349,"Day0"
-0.875896212166385,-0.259590305481464,0.406716976302464,"Day7"
-0.665013830303669,0.738518129653296,-0.111119654779166,"Day0"
-0.87342006385327,-0.477336812242177,0.0963688732788041,"Day7"
0.97895688808378,-0.194387562712492,0.0621038383356255,"Day4"
-0.938229628592257,-0.338373916977782,0.0723066825455916,"Day7"
0.985126651580562,-0.0344148467841224,0.168348147202443,"Day4"
-0.370248390214768,0.819896222218114,-0.436676441242069,"Day0"
0.0629025540567722,-0.837317556819856,-0.543086160507116,"Day7"
0.980358150192797,0.130027049274406,0.148293168445308,"Day4"
-0.612195341111609,0.784142110364513,0.101676029989023,"Day0"
-0.729975854240692,-0.617914626445484,-0.292090339878452,"Day7"
-0.46225427004391,0.834605218443179,-0.299591587287736,"Day0"
0.983417856645412,-0.125295809869743,0.131111705274657,"Day4"
-0.694048627162709,0.718738186840923,-0.0413753780669234,"Day0"
-0.891137889545888,-0.36510902689474,0.269385709152651,"Day7"
0.731916791622121,-0.621704225799443,-0.278893645974045,"Day4"
-0.659522858432233,0.747374065017405,-0.0803841162465333,"Day0"
-0.97864766549758,-0.160710802956155,0.128143609397132,"Day7"
0.96338369662508,0.100073942192293,0.248750998331843,"Day4"
-0.684242915005914,0.722996617511338,-0.0953285074433302,"Day0"
-0.885212071102266,-0.374083984334111,0.276515391686526,"Day7"
0.860162923825887,-0.489459116827836,-0.143351028700238,"Day4"
-0.879773137491768,-0.31201203124449,0.358674948813795,"Day7"
0.885312039325172,-0.442115542984271,-0.144070953622265,"Day4"
-0.530786562836483,0.773006769595032,-0.347456700716053,"Day0"
0.976498065746191,0.013935893457925,0.215075146094284,"Day4"
-0.723670732706091,0.68800804841008,0.0542733447244753,"Day0"
-0.805378259602466,-0.583553247104772,-0.10407433282601,"Day7"
0.907733331702747,-0.398789169937855,-0.130335706758,"Day4"
-0.496840305247224,0.824351859647112,-0.271281629636423,"Day0"
-0.892067537148297,-0.45141129178939,0.0210559922873769,"Day7"
-0.5519470066486,0.804722603853963,-0.218577292274722,"Day0"
-0.919496588062388,-0.276966784545324,0.278954162543331,"Day7"
0.994170364808971,0.00208788158658619,0.107800401140619,"Day4"
-0.123051490515479,0.837503408255928,-0.532396818023571,"Day0"
0.987667153048838,-0.0777387562376165,0.135905410367034,"Day4"
-0.704960677986301,-0.59056382083707,0.392765599322822,"Day7"
0.97571755374452,0.0260050909936368,0.217483310985514,"Day4"
-0.889766254223805,-0.45625335157251,0.0122021319199,"Day7"
-0.457330654505877,0.877250724606387,-0.145876107114202,"Day0"
0.997679449833803,-0.058010394354463,0.0356442074699464,"Day4"
-0.798349987827017,-0.528031317679448,-0.289517226579538,"Day7"
-0.693793014985843,0.71896077327596,0.041793047834387,"Day0"
0.990203928877503,-0.119873402834898,0.0715999059240933,"Day4"
-0.762483222564795,0.365792008500441,0.533681123728786,"Day0"
-0.595173743034188,-0.789242675273606,0.151209176737513,"Day7"
-0.757049800290388,-0.627288873830282,-0.182713624694549,"Day7"
0.993147667725584,-0.0405232184644311,0.109615595863527,"Day4"
-0.865073061619185,0.446014273834919,0.229608069536591,"Day0"
0.961231337040874,0.0722156985607403,0.266118788461088,"Day4"
-0.735679838867144,0.518959359086134,-0.435265847846259,"Day0"
-0.887805383660266,-0.458215285173016,0.0428993377298439,"Day7"
-0.61124647050867,0.791390315019638,-0.00889503141154785,"Day0"
-0.896350256700518,-0.377245934610797,0.232898523251095,"Day7"
0.791256733037119,-0.574591956574182,-0.20918141854304,"Day4"
-0.781705534621689,0.611216015199657,-0.123900927782128,"Day0"
-0.945777250040097,-0.322685474185404,0.0371413254520231,"Day7"
0.965401746062019,-0.231997755719818,0.119065150406713,"Day4"
-0.319105093645884,0.935579748168461,-0.151203419360445,"Day0"
-0.915090632976984,-0.398847817474706,0.059410032262635,"Day7"
0.991873052631455,-0.0213852771793231,0.12542135935925,"Day4"
-0.763097139485766,0.631450395132159,0.137670455058747,"Day0"
-0.0537165062720805,-0.829191305900752,-0.556377852877456,"Day7"
0.974957537283764,-0.20937276669208,0.0749722952915356,"Day4"
-0.685958198334874,0.721208345174299,-0.0965394892679768,"Day0"
0.978919979812915,0.0421874474939699,0.199839666725665,"Day4"
-0.901238249123638,-0.172157741926338,0.397657302474611,"Day7"
0.994307962550527,-0.0896727976638974,0.0575366402195084,"Day4"
-0.612535297360671,-0.66643121082763,-0.425052879912716,"Day7"
-0.432750078106234,0.883302967396704,-0.180286543278267,"Day0"
0.675741072324638,-0.664223743856999,-0.319657349782765,"Day4"
-0.442651580798272,-0.889599577668417,0.112570730782758,"Day7"
-0.602304318896047,0.749405218668372,-0.274993319322086,"Day0"
-0.771056350397658,-0.578196453936015,0.266760126644262,"Day7"
-0.764829451946939,0.644056242700866,-0.0150819651434284,"Day0"
0.982465834798193,0.0277115003872885,0.184371787973579,"Day4"
-0.530907226791903,0.829662073354944,-0.172622016488358,"Day0"
0.990708109919026,-0.00515344810356273,0.135907626398651,"Day4"
-0.846880528603173,-0.468784542000677,0.251066571757423,"Day7"
-0.492671251364979,0.867363464989822,-0.0703964322911014,"Day0"
0.97366470945181,-0.097765889551663,0.205958404558529,"Day4"
-0.781909434319422,-0.566702712015573,-0.259741549846144,"Day7"
-0.416922741832005,0.815892530796494,-0.400618029466691,"Day0"
-0.896302397698199,-0.249087003033887,0.366875560374436,"Day7"
0.986454671318197,-0.0373885853784291,0.159716233107057,"Day4"
-0.580470461858105,-0.807390036061395,0.105713634782922,"Day7"
0.963120166066952,-0.262518658881484,0.0590211780146175,"Day4"
-0.564513685357038,0.822205715550722,-0.0728152481307381,"Day0"
-0.852262528668513,-0.518695929988525,-0.0678462559091515,"Day7"
0.87192382188974,-0.467401878337694,-0.145891510882519,"Day4"
-0.73986474067024,0.637759579981356,0.214156213206536,"Day0"
-0.877203674695283,-0.479672841588524,-0.0206803806416424,"Day7"
0.964310268548187,-0.0765234419828798,0.253475578310055,"Day4"
-0.363290245513933,0.886242696651588,-0.287391858176509,"Day0"
-0.614248107461931,-0.778255481913845,-0.130451781706828,"Day7"
0.857680923875754,-0.492421605939968,-0.148001333855935,"Day4"
-0.566514689086925,0.814321701030179,-0.126258759221134,"Day0"
0.970986401540522,-0.224222582048196,0.083124254721643,"Day4"
-0.320283959928398,0.909981504966144,-0.263347385846406,"Day0"
-0.467802485641033,-0.707462070631258,-0.52977188774623,"Day7"
-0.90347486787442,0.342428453083819,-0.257829241239084,"Day0"
-0.869769068762583,-0.387687672689273,0.305286808540174,"Day7"
0.969848128407019,0.0950931403776011,0.224392295942903,"Day4"
0.0202804581250387,0.876382407411985,-0.481188714536211,"Day0"
0.503977627195338,-0.609259329755383,-0.612216971663296,"Day7"
0.976216157358381,-0.187621802702904,0.108628142131534,"Day4"
-0.136803198611232,0.820304188095614,-0.555325061421265,"Day0"
-0.907982580912194,-0.415939802315756,0.050613373821164,"Day7"
0.829351257713235,-0.48639915442574,-0.27494063705353,"Day4"
-0.347932682617337,0.857523731220608,-0.37894049501233,"Day0"
-0.909473215710899,-0.413357272385156,0.0446568614076392,"Day7"
0.973344502510386,0.0733114075395887,0.217315247871319,"Day4"
-0.897421488427178,-0.423666181044965,0.123051367923821,"Day7"
0.832706432288224,-0.532673222872362,-0.151192709019281,"Day4"
-0.565406704767046,0.814761041161029,-0.128373299446053,"Day0"
0.987836216905328,-0.0453924233936642,0.148725036455267,"Day4"
-0.461320319378128,0.818209351716411,-0.343099139743416,"Day0"
-0.909818521581484,-0.277942716777832,0.308185178062543,"Day7"
0.977960596638133,-0.204648697151915,-0.0413761063563326,"Day4"
-0.4944036125435,0.78150949843297,-0.380536426328655,"Day0"
-0.901053836472641,-0.404734379023836,0.155859122973681,"Day7"
0.685716876886951,-0.678739597775985,-0.262878152693031,"Day4"
-0.213991259816978,0.85593925364124,-0.47071831789088,"Day0"
-0.936832501501211,-0.267833271960677,0.224967114400796,"Day7"
0.99398900184095,0.0197800142108805,0.107678295199398,"Day4"
-0.474749749582916,0.809582026377576,-0.345238494141856,"Day0"
0.555388765042746,-0.683339805389884,-0.473909305705226,"Day7"
0.971457568418424,-0.220724336148671,0.0868962611065104,"Day4"
-0.890041142522957,-0.454679496431253,0.0330653918992465,"Day7"
-0.581696059698024,0.80241122535733,0.133288857570094,"Day0"
-0.903513835839634,-0.426026353247769,0.0465219817372134,"Day7"
0.884362709859425,-0.455799126156917,-0.100745987536402,"Day4"
-0.486141290492281,0.754518870472177,-0.440871772491606,"Day0"
-0.913879543109776,-0.323280134298017,0.245589363478395,"Day7"
0.90029542644682,-0.41668844867549,-0.125852619596701,"Day4"
-0.491495976622798,0.844802109132124,-0.211520924188408,"Day0"
-0.897277482249345,-0.436092951587175,0.0686735569507148,"Day7"
0.954363221604462,-0.296956006627375,0.0317485649545681,"Day4"
-0.550167712137376,0.78260151142444,-0.291290856083238,"Day0"
-0.875639655495001,-0.458954482039894,-0.150386093572807,"Day7"
0.962110400130863,-0.266245157891857,-0.0587970565519305,"Day4"
-0.680909540692027,0.711338056257941,0.174242265577982,"Day0"
0.969314948833132,-0.244649851522212,0.0239787430609391,"Day4"
-0.508687198933008,0.848639307502854,-0.145081561208744,"Day0"
-0.821299157687601,-0.569277048463918,-0.0373006122449343,"Day7"
-0.508267029005793,0.814002494974473,-0.281184219686946,"Day0"
-0.936464149230545,-0.296976461931472,0.186654435427012,"Day7"
0.978776783474038,0.116124066662974,0.168852625901611,"Day4"
-0.636845407601826,0.765922669253408,-0.0882631947087717,"Day0"
-0.877621619074646,-0.0632237116940348,0.475166345622694,"Day7"
0.978986239969823,-0.133272922848819,0.154351125635938,"Day4"
-0.659427135571846,0.74293404265141,-0.114912406384784,"Day0"
0.0414386300918529,-0.801012559843267,-0.597211619871422,"Day7"
0.760625794982065,-0.606519540294032,-0.23147882678426,"Day4"
-0.131364547384135,0.979505320630568,-0.152684912637003,"Day0"
0.97666877222279,-0.0637288136546384,0.205077418734973,"Day4"
-0.921394755728913,-0.378732436553121,0.0871403788022117,"Day7"
0.753766512373756,-0.615618544735267,-0.229890957199139,"Day4"
-0.470794205895278,0.863583105334337,-0.180491096391311,"Day0"
-0.921784202539231,-0.383880943509808,-0.0543075055506507,"Day7"
0.991390718308714,-0.0388649540313077,0.125035830862502,"Day4"
-0.629674723812234,0.754776130459753,-0.183909583981336,"Day0"
-0.927877226627369,-0.35869863717508,0.101878064346757,"Day7"
0.983747492213006,-0.162612785485302,0.0761442943452375,"Day4"
-0.793634606326229,0.580528809785571,0.182017616318751,"Day0"
-0.931577965971749,0.160114182560689,0.326383121283656,"Day7"
0.763904363634577,-0.595855578591425,-0.247802850430599,"Day4"
-0.916758887063119,0.39650502191763,0.04834160304429,"Day0"
-0.813817942386615,-0.568622088129919,-0.119871921401081,"Day7"
-0.435763678773154,0.831574613745219,-0.344374328364612,"Day0"
-0.896922005821018,-0.440701746070338,0.0362337754665074,"Day7"
0.976631699623709,-0.0437538775657753,0.21041891903549,"Day4"
-0.906084750992713,-0.286277764800497,0.311537261654694,"Day7"
0.993518571735339,0.0383884688144453,0.106991462645649,"Day4"
-0.692938061276858,0.718457735939869,-0.0604592830095349,"Day0"
-0.553452917598105,-0.605808546253021,-0.571564408696821,"Day7"
0.996364692255008,0.0281795124600086,0.080394745506782,"Day4"
-0.561957273950109,0.823598041112539,-0.0767482177653026,"Day0"
0.223508334229751,-0.773948198520269,-0.592493215604257,"Day7"
0.984228338143784,-0.0807207151761058,0.157412656848755,"Day4"
-0.608306532433596,0.78427437367077,-0.121970772736489,"Day0"
-0.671361402574416,-0.599412097470216,-0.435865810244011,"Day7"
0.982363536451006,-0.15491343580207,0.104707734477787,"Day4"
-0.323207235353108,0.854340050453633,-0.406989141386209,"Day0"
0.332980236363124,-0.834385452887094,-0.439232373809077,"Day7"
-0.297140173756075,0.857275423689531,-0.420459944677427,"Day0"
0.805161117132555,-0.545014340938527,-0.233826738482148,"Day4"
-0.615041068660532,0.779307654834267,-0.120016927879467,"Day0"
-0.854211001110353,-0.494106915079756,0.161808287959595,"Day7"
0.992737521371903,-0.0250782539319555,0.117657532015994,"Day4"
-0.328230816976732,0.916992670850042,-0.226691359328257,"Day0"
0.0977245745040148,-0.84145702128101,-0.53141319975599,"Day7"
0.934104822054304,-0.354844786863813,-0.0391581236842545,"Day4"
-0.435730487462749,0.882678550025853,0.176117913965991,"Day0"
-0.928126535288991,-0.35971248072917,0.0958543984390871,"Day7"
0.736464458361073,-0.607749795980058,-0.297086329300304,"Day4"
-0.912577240846357,-0.355504099046219,0.202038647418225,"Day7"
0.97649021448627,-0.20728689818999,0.0591523697862613,"Day4"
-0.258690977309434,0.875289244051556,-0.40859236104747,"Day0"
0.980799401974182,-0.0634895834351323,0.184395243654277,"Day4"
-0.738743507912351,-0.665513749403849,-0.106533932959341,"Day7"
-0.572583133214633,0.814754544099192,0.0912337022587193,"Day0"
0.901269127780638,-0.410852743489097,-0.1375281152238,"Day4"
-0.465721701404884,-0.675735777256881,-0.571388183440626,"Day7"
-0.593045836669772,0.80508932468323,0.0113055247445768,"Day0"
-0.773774287860512,0.624289111529906,0.107407898551071,"Day0"
0.995623281010067,-0.0233646907971845,0.0904896321945262,"Day4"
-0.879101312429778,-0.437187675153191,0.189862632390866,"Day7"
0.836533457666787,-0.510507360678475,-0.198982433639624,"Day4"
-0.81175455501751,-0.575840482447604,-0.0972742575547887,"Day7"
-0.598171699895992,0.799120299040199,-0.0599780385261338,"Day0"
-0.613092643666894,0.750466517290844,-0.246814539091381,"Day0"
0.801994094107428,-0.577669364265219,-0.151998613829945,"Day4"
-0.876104938689154,-0.291593222367695,0.38394469533215,"Day7"
-0.850152955353648,-0.525438460294785,-0.0339761231823812,"Day7"
-0.174920312646871,0.877232132281418,-0.447064503529991,"Day0"
0.997894367794676,-0.0263014777673364,0.0592879666620276,"Day4"
-0.472683547824541,0.830580585095277,-0.294459089312578,"Day0"
0.985851236571947,-0.0607352665822787,0.156232412586962,"Day4"
-0.837291394223883,-0.532972386055374,-0.121998183843317,"Day7"
-0.890655711834564,-0.452165395161517,0.0477373899045069,"Day7"
-0.396866333155413,0.887481913130792,-0.234249797168506,"Day0"
0.836389929651317,-0.49491272500444,-0.235612563770577,"Day4"
0.970508190202705,-0.206725002094783,0.124010589299395,"Day4"
-0.825810257128794,-0.480356756632395,-0.295456943696507,"Day7"
-0.343660333461303,0.907310990977891,-0.242248510534087,"Day0"
-0.95412572719621,-0.194450994068588,0.227668415921139,"Day7"
0.967307428145991,-0.0361127174021123,0.25102233186596,"Day4"
-0.517469736266697,0.839781192187911,-0.164294313034643,"Day0"
-0.608016852647361,0.780500516603308,-0.145376925537607,"Day0"
-0.713431408086374,-0.58713722640528,-0.382472879201923,"Day7"
0.98018879302026,-0.0981208706811716,0.172052970838211,"Day4"
-0.540778641539863,0.804023656559263,-0.247193083534661,"Day0"
0.990855158259821,-0.0712011617006316,0.11461435303829,"Day4"
-0.896550817314078,0.0635134757010253,0.438363628027957,"Day7"
-0.397331579535978,0.83668703709393,-0.376938214913831,"Day0"
-0.70759517018268,-0.696757840828636,0.117633270710125,"Day7"
0.784563636479285,-0.57334187265701,-0.236091078553499,"Day4"
-0.320295065649793,0.915448273480312,-0.243650424794028,"Day0"
0.979179469359242,0.00829579492096342,0.20282688818789,"Day4"
-0.724056207212132,-0.656416235941508,-0.211802582585683,"Day7"
-0.746663156861379,0.6578477239597,0.0986433082719868,"Day0"
-0.933748887770661,-0.171362323516569,0.31424189514776,"Day7"
0.870151147734462,-0.442868918864379,-0.216111315761798,"Day4"
0.999335124021945,0.00617756208825086,0.0359325426694309,"Day4"
-0.715592696503223,0.689377257810783,-0.112632540256058,"Day0"
-0.932944315967988,-0.316441416103323,0.171696632108919,"Day7"
-0.684181989590121,0.713248247029112,0.152223333396697,"Day0"
-0.878382731879132,-0.464760909758763,0.111539558438973,"Day7"
0.693110038967806,-0.636621036048759,-0.338100769508516,"Day4"
0.8426332161998,-0.52101342840131,-0.13606715394354,"Day4"
-0.916058930173181,-0.382050416789411,0.121957023090125,"Day7"
-0.77680236024947,0.623066110224479,-0.0914697512874606,"Day0"
0.465861883773003,-0.739834085690375,-0.485405223393977,"Day7"
0.728165068996249,-0.656014011135849,-0.198547851882466,"Day4"
-0.375039336544109,0.817887924071715,-0.436354030234872,"Day0"
-0.394733743914138,0.832061194798933,-0.389691467093263,"Day0"
-0.931437223669738,-0.322035705972269,0.169462982510494,"Day7"
0.982598351267211,-0.081141753371266,0.16708230291325,"Day4"
-0.513502629340293,-0.856988725739772,0.0434208891609441,"Day7"
0.979559492450813,0.00264362727799942,0.201137296353314,"Day4"
-0.73888106332173,0.66986492560813,0.073046257293335,"Day0"
0.942079407409586,-0.33331068325165,-0.0372877803726885,"Day4"
-0.68176978972282,-0.675518242651941,-0.280829232213699,"Day7"
-0.665536717019425,0.746135339963994,0.0185184436662853,"Day0"
0.0934108638794965,0.875104382014787,-0.474833371918828,"Day0"
0.977189253516777,-0.12904645235935,0.168665870717195,"Day4"
-0.921449592710616,-0.2304657961088,0.312755759207369,"Day7"
-0.184791614293141,0.685997332295161,-0.703746914288694,"Day0"
-0.862218266363913,-0.506353601893603,0.0136268484171346,"Day7"
0.984078211648417,0.0219155970604591,0.176379647250858,"Day4"
-0.847727716717815,-0.4714719206438,0.243047210131791,"Day7"
0.652085357979953,-0.675769438740943,-0.343686414587348,"Day4"
-0.531340969927777,0.806125582904315,-0.260457901134497,"Day0"
-0.471730620167767,0.759536777383239,-0.4478550053292,"Day0"
-0.900274462183097,-0.254716841079226,0.353022978871851,"Day7"
0.943058554852079,0.0156172189718093,0.332259935279437,"Day4"
0.111780120731045,-0.978776472811953,-0.171760941075511,"Day7"
-0.540397247114122,0.794899805815708,-0.275871553491165,"Day0"
0.979436738493365,-0.051162156544838,0.1951566269107,"Day4"
-0.917117871315057,-0.329767546768075,0.223937882487763,"Day7"
0.963593909305719,-0.263187815433227,-0.0471057507785204,"Day4"
-0.555657886508305,0.795763132806595,-0.240842997878198,"Day0"
-0.287760462677264,0.814196957618068,-0.504259090473587,"Day0"
-0.222458783864246,-0.973484885510621,-0.0532847742231605,"Day7"
0.97521084100301,0.0440835088489387,0.216842015849715,"Day4"
-0.504654389650922,0.784209909896313,-0.361024603353389,"Day0"
-0.906327261490017,-0.415653605114695,-0.0761772645555298,"Day7"
0.986332052260067,-0.0831046355203711,0.142276850680181,"Day4"
-0.665008725902156,0.740866699560296,-0.0942333696554773,"Day0"
0.983650005827987,-0.128024808096248,0.126658258895818,"Day4"
-0.906567393673522,-0.379884903863975,0.183910360078642,"Day7"
0.966256203863637,0.063763087680066,0.249566057677198,"Day4"
-0.796386874942805,-0.571096057246905,-0.199040796863036,"Day7"
-0.55602935928977,0.788455997503667,-0.26299903347409,"Day0"
0.783164095856032,-0.569781160352291,-0.249004875995632,"Day4"
-0.786830267551875,0.527758464690591,0.319951766695661,"Day0"
-0.814152289813853,-0.562134406488007,-0.145468065338188,"Day7"
-0.678869137873503,0.727149177936757,0.101935110088654,"Day0"
0.991238817435731,-0.0332431497545067,0.127829964417634,"Day4"
-0.384885961519264,-0.919707499331455,0.0774655555642264,"Day7"
0.779628992906619,-0.529743631136825,-0.333991494935698,"Day4"
-0.735658292356723,-0.666754414000255,-0.119354213574416,"Day7"
-0.773254547363284,0.605488252814878,0.188311923906026,"Day0"
0.852528783008156,-0.500065397702105,-0.15208310939637,"Day4"
-0.97817571062696,-0.0650248883170191,0.197342451182711,"Day7"
-0.460442925150694,0.870706825667019,-0.172806065910707,"Day0"
0.731831728153813,-0.647963845792305,-0.211104657015068,"Day4"
-0.873495485261948,-0.486666161916627,0.0127155051938025,"Day7"
-0.581539512794702,0.766889354843752,-0.271463648553235,"Day0"
0.95807166544782,0.0539799551657714,0.281398024702276,"Day4"
-0.91200481069038,-0.3439367899745,0.223505502794988,"Day7"
-0.624761674344551,0.777708165106545,-0.0695906617068992,"Day0"
-0.225206224246538,0.930960674268811,-0.287392379031835,"Day0"
-0.927938089371926,-0.371225316398342,0.0335062196872591,"Day7"
0.969040560235441,-0.224605126748591,0.102532578514495,"Day4"
-0.525534539838829,0.806990286713545,-0.269406986892284,"Day0"
-0.885727288738981,-0.460087988106112,0.0616945150200919,"Day7"
0.977603724796085,-0.192444323158582,0.0851829780464082,"Day4"
-0.368383829398604,0.862958058388933,-0.345827621365361,"Day0"
-0.875464018050709,-0.166799688988136,0.45358639403312,"Day7"
0.98563267184449,-0.0670378621437553,0.155029549544227,"Day4"
0.975784228293359,-0.204031216423623,0.078844166167385,"Day4"
-0.869084517832055,-0.483651057635514,0.103796701839093,"Day7"
-0.418339794963949,0.825612001747396,-0.378624667078334,"Day0"
-0.909286206993223,-0.39427910447286,0.133201282080754,"Day7"
-0.403386396274119,0.806514582950387,-0.432219438236346,"Day0"
0.808228155532254,-0.550399641764604,-0.209350144376178,"Day4"
-0.836455604262015,0.486562158472975,-0.252188992703461,"Day0"
-0.646803019633855,-0.721194139058245,-0.248042068167003,"Day7"
0.732435327764021,-0.647977152496141,-0.208959566630014,"Day4"
-0.876479234029826,-0.224780457661957,0.425743934974735,"Day7"
-0.021854063629926,0.752908302072028,-0.65776248644467,"Day0"
0.985047727049184,-0.151765762951183,-0.0815360572451325,"Day4"
-0.781682546050571,-0.547412727983533,0.29885063567194,"Day7"
0.669764363326167,-0.694240983057708,-0.263524486644716,"Day4"
-0.00283729616906682,0.7498362162785,-0.661617410976761,"Day0"
-0.758034960771609,-0.650426183528721,0.0482574142308419,"Day7"
-0.448637857353285,0.837045641766276,-0.313175137182912,"Day0"
0.989058209371665,0.0742297907528056,0.127490378614661,"Day4"
-0.664901698194133,0.744015922162646,-0.0659244970176127,"Day0"
0.91193092878433,-0.386920913746216,-0.136653531357016,"Day4"
-0.900192755794715,-0.433352888172133,0.0431077339648819,"Day7"
-0.447411917682959,-0.892828574063311,-0.0517659468312035,"Day7"
-0.692213444312941,0.715105769468489,-0.0972845619062735,"Day0"
0.836418786749866,-0.534290884287267,-0.12221646427308,"Day4"
0.270957642094851,-0.839119806529665,-0.471656555641938,"Day7"
0.918121910538133,-0.393165953748823,-0.0497261520991385,"Day4"
-0.295298676261051,0.908869282493635,-0.294542559128516,"Day0"
0.96353125217182,0.0269184706984898,0.266238468338929,"Day4"
-0.667388271456823,0.739575750178704,-0.087296075911131,"Day0"
-0.95158214935511,-0.114429535381355,0.285302110859904,"Day7"
-0.532234256776535,0.816877688969721,-0.222345535545502,"Day0"
-0.45676801298418,-0.579178952804674,-0.675214575481428,"Day7"
0.567930432266688,-0.73548594310331,-0.369479974562639,"Day4"
-0.555482685315042,0.796399766695307,-0.239136776600444,"Day0"
0.989687593320388,-0.0290584097587417,0.14026430925218,"Day4"
-0.90247335483352,-0.234765510846396,0.361146782807991,"Day7"
0.97996469590483,-0.0754710215080341,0.184318527806317,"Day4"
-0.636495357255835,0.7677086201855,-0.0741426644021039,"Day0"
-0.847164664312641,0.0701568407001877,0.526678316663045,"Day7"
-0.863218357115736,-0.306034573664543,0.401493346969002,"Day7"
-0.459925875938286,0.87393901641525,-0.157158468526347,"Day0"
-0.864146976771361,-0.492001974889729,-0.105754712620874,"Day7"
-0.26501899119932,0.813151872339161,-0.518217103939084,"Day0"
-0.921938851617557,-0.382790326463325,0.0591635009461119,"Day7"
-0.515841409370551,0.83774374405864,-0.179145359050173,"Day0"
-0.767028282562294,-0.595647308713002,-0.238478295390789,"Day7"
-0.5244432452201,0.826213960641264,-0.205742007826516,"Day0"
-0.87425032140868,-0.479823602020936,-0.0738626188303216,"Day7"
-0.515706315118236,0.809757328342516,-0.279892954078451,"Day0"
-0.606175024758058,0.721699388021493,-0.334218241107468,"Day0"
-0.762049630507341,-0.63684053082868,-0.117108919120066,"Day7"
-0.946076290207154,-0.257491919026092,-0.196564403552955,"Day7"
-0.756078957417209,0.653752414342962,-0.0308608310266295,"Day0"
-0.610056142257468,-0.78104372575745,-0.133424891788817,"Day7"
-0.370452623904333,0.881576969145216,-0.292552390034897,"Day0"
-0.911332976788825,-0.34905046074024,0.218256686665599,"Day7"
-0.417043733124976,0.783838982482016,-0.460077139404624,"Day0"
-0.600706359083204,0.777362450985126,-0.186706962793034,"Day0"
-0.75444992374757,-0.564883992546972,-0.33423253510315,"Day7"
-0.503918376266953,0.828224161749264,-0.245175463607611,"Day0"
-0.92583573828844,-0.297603744579513,0.232938182615371,"Day7"
-0.344119430897042,0.893374501848904,-0.288901050059218,"Day0"
0.44235004985708,-0.771886507870671,-0.45663733132395,"Day7"
-0.750117031904504,0.660198269463795,0.0382450446958518,"Day0"
-0.908712734635511,-0.408978300483654,-0.0835339191272238,"Day7"
-0.892473436796583,-0.376562971970703,0.248377721933925,"Day7"
-0.662125370418155,0.731200936068814,-0.164119422801543,"Day0"
-0.721482488081482,0.67190314038063,0.167359461454683,"Day0"
-0.936414865595698,-0.295770732085285,0.188803796394897,"Day7"
-0.595216460822461,0.785203308049948,-0.170801433815416,"Day0"
-0.392951292207796,-0.605069196771639,-0.692445340131874,"Day7"
-0.937823727818613,-0.335519900722024,0.0889553357583619,"Day7"
-0.848641737415846,0.527508190223797,0.0392722645467292,"Day0"
0.760119005330883,-0.574446215887606,-0.303694983144599,"Day7"
-0.207603012312273,0.915578247532925,-0.34440885865989,"Day0"
-0.876210388683216,-0.341197688599958,0.340352011978267,"Day7"
-0.424931809873375,0.86598718423653,-0.263626921417038,"Day0"
-0.845630820815746,-0.533718336018173,-0.00729744369487541,"Day7"
-0.0469316558734651,0.957608245383888,-0.284225030653117,"Day0"
-0.907128201797988,0.0311332270967225,0.419701260033007,"Day7"
-0.617536732870762,0.760907143632878,-0.199170033699246,"Day0"
-0.469754335324277,0.836306827588986,-0.282704358954884,"Day0"
-0.890399212071782,-0.0235721717027292,0.45456968207654,"Day7"
-0.195385217300673,-0.973444307903658,-0.119292901173278,"Day7"
-0.569533251317651,0.817425395289358,-0.0862994714907468,"Day0"
-0.885344215358404,-0.283421505723881,0.368561894971008,"Day7"
-0.797683935946596,0.554895430324235,0.236202031612829,"Day0"
-0.879341296191541,-0.469469888887204,-0.0797302216252849,"Day7"
-0.597079682733251,0.800010929950807,-0.0589776604012532,"Day0"
-0.731488316216412,0.678261927302071,0.0698970758426834,"Day0"
-0.911750748335471,-0.261466838034133,0.316773839699779,"Day7"
-0.88389381929145,-0.466905779201974,-0.027031640093998,"Day7"
-0.336077951189096,0.842406487339922,-0.421192261101928,"Day0"
-0.634188395980884,0.721050976257735,-0.279088817477449,"Day0"
-0.898772054103123,-0.438377876357742,0.00579933473164432,"Day7"
-0.590793821405348,0.78789919449037,-0.173716780740068,"Day0"
-0.731142495730704,-0.651569696938328,-0.202206777750831,"Day7"
-0.617470634824124,0.768048425355081,-0.169798796931764,"Day0"
-0.815496754821827,-0.578344335917794,-0.0219743483833725,"Day7"
-0.846359869298008,-0.242970645674086,0.47396227379674,"Day7"
-0.677697043029031,0.729923156911423,-0.0891005211778819,"Day0"
-0.648744327182315,0.755499051548193,-0.0913891736396977,"Day0"
-0.810275409292588,-0.490424379846569,-0.320839038690491,"Day7"
-0.811591517704,-0.496293875960288,-0.308239512514591,"Day7"
-0.21969132690419,0.898650250311606,-0.379688620448342,"Day0"
-0.908106693108513,-0.395755806664876,0.136819499423707,"Day7"
-0.757373804088261,0.649683745082795,0.0655435142181883,"Day0"
-0.603146260579986,0.751276921983491,-0.267950694799233,"Day0"
-0.596889893133815,-0.683653005417935,-0.419929784199368,"Day7"
-0.302132234152962,0.91540169920384,-0.265999703346568,"Day0"
-0.750223516186167,-0.562405517077442,-0.347656022703647,"Day7"
-0.330268882480569,0.854113763521694,-0.401761302551457,"Day0"
-0.92269689849805,-0.378208960747832,0.0747557055489655,"Day7"
-0.898671176355354,-0.392716553780423,0.195355637683976,"Day7"
-0.389065201317943,0.814304218171508,-0.430739955647856,"Day0"
0.60042831110175,-0.693465217380692,-0.39823590434647,"Day7"
-0.70795091267903,0.700495955347264,-0.0900606561104871,"Day0"
-0.89232097379009,-0.393961244979939,0.220358383521394,"Day7"
-0.295020862220294,0.921380624789228,-0.253022598037816,"Day0"
-0.439544536767029,0.887493660783225,-0.138403765367306,"Day0"
0.000100239869975227,-0.996861768128631,-0.0791618923183836,"Day7"
-0.777567115129165,0.606257143900249,0.166858194103916,"Day0"
-0.0493148683825869,-0.729703900818226,-0.681982595736191,"Day7"
-0.664777517123356,0.707284306573969,-0.240457402467641,"Day0"
-0.538192787313577,-0.754109697681333,-0.376386885460442,"Day7"
-0.406029088889885,0.672010826701073,-0.619307538926978,"Day0"
-0.896250562196923,-0.366016082813471,0.250533744001845,"Day7"
0.776225431944958,-0.531741080414436,-0.338711532430698,"Day7"
-0.401626006724484,0.892256889384768,-0.206335149860519,"Day0"
-0.631647901376345,0.752169312495198,-0.187782464642896,"Day0"
-0.688685527653601,-0.686757452690119,-0.232543426428399,"Day7"
-0.448473418717518,0.85594332672611,-0.257356978022477,"Day0"
-0.780106849528313,-0.584785648014303,-0.222393905481922,"Day7"
-0.620711133696125,0.767915608575353,-0.158187567817501,"Day0"
0.0828135497559049,-0.87266944904231,-0.481237933547447,"Day7"
0.157604866184952,0.972116170666765,-0.173640020971574,"Day0"
-0.0378090345833657,-0.80575742136882,-0.591037608628202,"Day7"
-0.739086881874062,-0.664861420124923,0.108212166927507,"Day7"
-0.586395198827169,0.789294486117132,-0.182084829070237,"Day0"
-0.369793955662302,0.822821849413846,-0.431528254559081,"Day0"
0.0415486205613649,-0.963448925811974,-0.264650485510986,"Day7"
-0.561212975261235,0.76068043501265,-0.326198209969641,"Day0"
-0.902876095029178,-0.427381094094206,-0.0464774938621143,"Day7"
-0.933908316437009,-0.341052955140583,0.107229372280488,"Day7"
-0.699076861252037,0.714892705217485,-0.0148311189337234,"Day0"
-0.318218504250164,0.820186748579726,-0.475426840856726,"Day0"
-0.917611180859876,-0.30000098210526,0.260747255971801,"Day7"
-0.66382559080788,-0.730880725728076,-0.158584203966756,"Day7"
-0.187193397159495,0.807820340860137,-0.558914062224686,"Day0"
-0.887240192259609,-0.44680840834597,0.114747930135896,"Day7"
-0.647949968466334,0.733655146280225,-0.204721676187498,"Day0"
-0.9546555840408,-0.233690610856646,0.184448947563183,"Day7"
-0.520516146867062,0.828740924040165,-0.205551506128562,"Day0"
-0.880963084902292,-0.473022470215773,-0.0124010366665641,"Day7"
-0.84072987829855,-0.142570438599209,-0.522347529690468,"Day0"
-0.384815266993555,0.877584324963391,-0.285942236941707,"Day0"
0.500237146498005,-0.650608772602841,-0.571376427826488,"Day7"
-0.858333183973185,-0.509824933722367,-0.0578159341828744,"Day7"
-0.481618714984783,0.845402033291835,-0.230951976571837,"Day0"
-0.841249819090646,-0.533846106557413,-0.085481438882645,"Day7"
-0.777696640241979,0.623967528885511,-0.0765013637319392,"Day0"
-0.763665271231147,-0.466776754175792,-0.446021092860608,"Day0"
-0.954871084744425,-0.293946438488975,0.0426227969360555,"Day7"
-0.265275208918899,-0.798353402028387,-0.540611606426218,"Day7"
-0.607363816915759,0.790425986784535,-0.0795987017307114,"Day0"
-0.638820829454138,0.766971570230388,-0.060519073967304,"Day0"
-0.94965190178816,-0.311691332098804,0.0317770188124235,"Day7"
-0.397175205900707,0.894924293007286,-0.203377396981918,"Day0"
-0.334128268909418,-0.927200020605898,-0.169287984523469,"Day7"
-0.912006394211384,0.145382135278147,0.383547091840775,"Day7"
-0.314439885003896,0.936342247191642,-0.156175397687482,"Day0"
-0.194110839704446,0.853832585152753,-0.483001965255425,"Day0"
-0.841953506413903,-0.514810873094703,-0.16150559736679,"Day7"
-0.669077848706948,0.712311965456016,-0.212005887271721,"Day0"
-0.912481749424062,-0.336129383081066,0.233225416276928,"Day7"
-0.576098379629545,0.796146266642244,-0.185099376281578,"Day0"
-0.820206710298157,-0.570633424270569,0.0404777406375328,"Day7"
-0.463013948525929,0.855486880351959,-0.231862633936779,"Day0"
-0.756731338917233,-0.605069679202916,0.247484068193919,"Day7"
-0.350312804886428,0.911764752977981,-0.214396767605311,"Day0"
-0.917485364972182,-0.373607816373895,-0.136520345026636,"Day7"
-0.915478118879948,-0.313271371240501,0.252509132138082,"Day7"
-0.524031260688731,0.839627371703475,-0.142888468769509,"Day0"
-0.93816919559717,-0.345988788659652,0.0114157152375753,"Day7"
-0.390197110528119,0.868384339359795,-0.306030805786214,"Day0"
-0.707316089826959,-0.693567946532869,-0.136628886455537,"Day7"
-0.458563574700123,0.796633858587772,-0.393819683751081,"Day0"
-0.783023027850033,-0.532925636790886,-0.320726056795508,"Day7"
-0.360244918199931,0.89424178623595,-0.265622338406738,"Day0"
-0.922908532434861,-0.381751621645636,0.0500553706394965,"Day7"
0.0190180722595047,0.925598588527172,-0.378028525172425,"Day0"
-0.110795383965342,0.984053376588172,-0.13915220054814,"Day0"
-0.89576207530435,-0.382836417063429,0.225934907034039,"Day7"
-0.0802168304529022,0.913295334572057,-0.399320537865266,"Day0"
0.134278086709674,-0.779690813649712,-0.611597605080203,"Day7"
-0.83511541141685,0.36644592426525,0.410243384106863,"Day0"
-0.910459817090131,-0.41249567231172,0.0301702135940006,"Day7"
-0.784641377717111,0.0597008892721295,0.617068644637135,"Day7"
-0.551767371520198,0.82847813200222,-0.0957953679454533,"Day0"
0.00323792175332041,-0.75893155554992,-0.651162352914616,"Day7"
-0.736964957276943,0.675808510337494,-0.0128650340540287,"Day0"
-0.726259301469371,0.68681414649405,-0.0288748195642908,"Day0"
-0.908618292524817,-0.389776544923175,0.149956805504243,"Day7"
-0.753518566336695,0.657065432322395,-0.0217896267263915,"Day0"
-0.850999056258165,-0.525055995287522,0.0108077777708039,"Day7"
-0.699280947969564,0.708961123735842,-0.0915438738419962,"Day0"
-0.747565180307076,-0.506618597283647,-0.429515888040011,"Day7"
-0.545289695381627,0.829754401957813,-0.119024285514533,"Day0"
-0.88865915032873,-0.28375881348372,0.360230274001688,"Day7"
-0.401506874647028,0.818003638719876,-0.411900809239576,"Day0"
0.248972132378659,-0.663715041425218,-0.705333411291954,"Day7"
-0.900985630864475,-0.332247322590844,0.278992131801168,"Day7"
-0.497671262045453,0.851265773335058,-0.166342712741954,"Day0"
-0.916478413594239,-0.374933086641387,0.139615536232002,"Day7"
-0.365231906870766,0.905417634631057,-0.216389835950409,"Day0"
-0.824524183927687,-0.183559660046837,0.535224925916078,"Day7"
-0.445035389012448,0.807123975806579,-0.38793606458374,"Day0"
-0.316194033086449,0.477878090445678,-0.819544912809858,"Day0"
-0.639372088849512,-0.665736418811768,-0.384705540209513,"Day7"
-0.791207493750665,-0.575448828096644,-0.207000840759139,"Day7"
-0.589089977477938,0.78874365989837,0.175660005138241,"Day0"
-0.456143657271762,0.873596394149035,-0.16959452839212,"Day0"
-0.861108788963047,-0.506711337650677,0.0416566185240285,"Day7"
-0.872371155686187,-0.488256885988612,0.0239537055891075,"Day7"
-0.501025471219499,0.785439896023684,-0.363397367799469,"Day0"
-0.948431709180161,-0.254723335891441,0.188661907055809,"Day7"
-0.522784009034591,0.780018934953594,-0.34390019047913,"Day0"
-0.859201765879161,-0.501157062853736,0.10302389946973,"Day7"
-0.512222450167922,0.83071637713086,-0.21803316791385,"Day0"
-0.841637236451988,-0.538558286304561,0.0400216750043649,"Day7"
-0.672463895062914,0.73307101335705,-0.101976464012443,"Day0"
-0.855308922331363,-0.329555258033444,0.399799924065616,"Day7"
-0.722893127139729,0.613692019071096,-0.31750217709897,"Day0"
0.0502852464610265,-0.776988112410813,-0.627503679001673,"Day7"
-0.620583308749199,0.742370011634543,-0.252513608994893,"Day0"
-0.735035939783214,0.677788123644484,-0.0180395862895309,"Day0"
0.32428710463091,-0.843873534737364,-0.427452139005021,"Day7"
-0.384913050396362,-0.811338489653596,-0.439967952061499,"Day7"
-0.439291190420573,0.827794708980899,-0.348968723243366,"Day0"
-0.751650993361051,-0.659525605596072,-0.00683810956919665,"Day7"
-0.464161892654587,0.815008720308768,-0.346863839608536,"Day0"
-0.850259721419207,-0.511152573703661,-0.125624251354009,"Day7"
-0.785661476344677,0.610187935121542,-0.10201337373115,"Day0"
-0.925152179562996,-0.324969919921361,0.196183576774769,"Day7"
-0.521140631103493,0.853207736468618,-0.02118964471505,"Day0"
-0.321927702580974,0.93773153883418,-0.13046882917623,"Day0"
-0.311122587653914,-0.755188941591317,-0.576968281580295,"Day7"
-0.751379382002747,-0.646975263204799,-0.129815380838526,"Day7"
-0.481399241369708,0.850368308186088,-0.212434721364942,"Day0"
-0.865783746634473,-0.500175026559008,0.0156027840551352,"Day7"
-0.701173429848449,0.651745531532965,0.289108255505399,"Day0"
0.241163942931807,-0.799843129660959,-0.549627983788804,"Day7"
-0.541483010911676,0.820979890102768,-0.181075036768942,"Day0"
-0.158374985455753,0.952098465725795,-0.261583400743391,"Day0"
-0.854147938958944,-0.312297576503751,0.415814287972494,"Day7"
-0.588775713884874,-0.604740719226167,0.53631317459967,"Day7"
-0.487571539028185,0.819227101736304,-0.301895594718475,"Day0"
-0.671917475029028,-0.602932904249182,-0.430114891307267,"Day7"
-0.00311604691607537,0.945516031439028,-0.325560631132525,"Day0"
-0.504267583624164,0.841317925486392,-0.194674991617109,"Day0"
-0.804564618863906,-0.575254258310136,-0.147506990913766,"Day7"
-0.922606605880968,-0.280822074571871,0.264454179808056,"Day7"
-0.577876266268547,0.793397359537498,-0.191258073718337,"Day0"
-0.460794328062372,0.852753787244627,-0.245925935121721,"Day0"
-0.896802580095386,-0.417633340912965,0.146039463475236,"Day7"
-0.568222402902428,0.818672484845054,-0.0830581928374063,"Day0"
-0.930296531569567,-0.254158540105405,0.264484025682312,"Day7"
-0.918122793950764,-0.39424514975386,-0.040265334018224,"Day7"
-0.581775272558376,0.749945219778912,-0.314832812093,"Day0"
-0.517400836660286,0.77465117385933,-0.363609588792152,"Day0"
-0.737450248540067,0.673794302532582,-0.0465657470983142,"Day0"
-0.35560225282325,0.831590611389419,-0.426619377004844,"Day0"
-0.712604313069466,0.633490309670213,0.301471591611434,"Day0"
-0.508658907507465,0.812519251092883,-0.284743011181615,"Day0"
-0.542813589805415,0.803344770816536,-0.244929757122906,"Day0"
-0.537032523853533,0.803771387683359,-0.256022703417242,"Day0"
-0.741377009992111,0.620352731332952,0.255973861522821,"Day0"
-0.83084465215132,0.556486133086281,0.00451083963682881,"Day0"
-0.69065587188417,0.723114786489066,-0.00997357472471546,"Day0"
-0.820923482500286,0.56401801514804,0.0892654158566932,"Day0"
-0.600499648466882,0.785568219895509,-0.149274056960187,"Day0"
-0.476548685247651,0.809037411732263,-0.344034616000043,"Day0"
-0.730667835619443,0.682187071962112,-0.0273004182927221,"Day0"
-0.419644021973774,0.904472993385273,-0.0763380577324274,"Day0"
-0.506439706203669,0.83657045923815,-0.208970549863879,"Day0"
-0.527748608022002,0.827916081343165,-0.18983247610516,"Day0"
-0.612360909129685,0.761808005453923,-0.2113354674355,"Day0"
-0.333222214976854,0.941983748645549,-0.0403679666765456,"Day0"
-0.689773502663027,0.71647578657796,0.104283087178468,"Day0"
-0.415937898854071,0.818504235573369,-0.396290904065833,"Day0"
-0.544704507040881,0.822491541789369,0.163721298841348,"Day0"
-0.588587139219772,0.755525341739564,-0.287657152760712,"Day0"
-0.0360466228139112,0.877233274156117,-0.478709122220426,"Day0"
-0.40661439127878,0.850376650684758,-0.333952524732424,"Day0"
-0.463490645673533,0.844792214292172,-0.267399581234639,"Day0"
-0.576252795336564,0.816927702084376,0.023703278970151,"Day0"
-0.729317794369726,0.680664828460038,0.0692166606616106,"Day0"
-0.229460396296119,0.76348700860281,-0.6036849461651,"Day0"
-0.661502609732337,0.749647962438447,-0.0210292588835827,"Day0"
0.301290083159565,0.856804209989447,-0.418462461320083,"Day0"
-0.692033748052408,0.712013224429842,-0.118854784479025,"Day0"
-0.598881870711026,0.795614253614863,-0.0913151924847485,"Day0"
-0.71022799580688,0.69810787378893,-0.0906729867493152,"Day0"
-0.410385865603717,0.856572196005611,-0.312837840330758,"Day0"
-0.491280225279271,0.837811583758509,-0.238150142493358,"Day0"
-0.650056272923391,0.756171231801341,-0.0750460540534442,"Day0"
-0.390781167364244,0.911159573366868,-0.130684012393811,"Day0"
-0.738907792920367,0.635142286114485,0.224965663937449,"Day0"
-0.787065923927452,0.481859899123358,0.385147074517066,"Day0"
-0.561643930168238,0.761216346398659,-0.324200200000945,"Day0"
-0.373689799791666,0.863632884624623,-0.338369877688037,"Day0"
-0.586915736001799,0.78187194851704,-0.210252645537776,"Day0"
-0.591761659230628,0.792040784127295,-0.149965112421635,"Day0"
-0.603754853054168,0.791727155726959,-0.0929956359085697,"Day0"
-0.554305557912454,0.812564483046216,-0.180234040511771,"Day0"
-0.343671159102211,0.860156805709991,-0.376855945942382,"Day0"
-0.641166524246713,0.734521990630165,-0.222222711409275,"Day0"
-0.726908765167601,0.686634929857105,0.0116670571542817,"Day0"
-0.484234154417201,0.798879179348974,-0.356804344842615,"Day0"
-0.150892254961041,0.932895709167847,-0.327012420572967,"Day0"
-0.473262449646886,0.80355680179507,-0.360997396172199,"Day0"
-0.588440111574102,0.761270654866299,-0.272406360296698,"Day0"
-0.658983409611226,0.703116559314821,-0.267147842728424,"Day0"
-0.547230829345884,0.739291750420326,-0.392410661391693,"Day0"
-0.647005345505321,0.742516971904487,-0.173356941947333,"Day0"
-0.719440016891329,0.692234622025483,0.0567211615240921,"Day0"
-0.254407264019719,0.839832103504833,-0.479540386137235,"Day0"
-0.430183911056574,0.866735511304295,-0.252411085557174,"Day0"
-0.571500711661774,0.811629134905857,-0.121016874616957,"Day0"
-0.67107800740331,0.739679918499937,-0.0502784859311483,"Day0"
-0.19115779082254,0.893202489729477,-0.40699878543911,"Day0"
-0.332622460883328,0.902621064638367,-0.273198667981782,"Day0"
-0.597079358536922,0.796864507123322,-0.0922127805471797,"Day0"
-0.446905891977499,0.787349687441392,-0.424682932788378,"Day0"
-0.530202250523873,0.656805481062775,-0.536182929218487,"Day0"
-0.787373895925235,0.606571196650725,0.110062397798816,"Day0"
-0.882641089387874,0.466296874830028,-0.0592615545521389,"Day0"
-0.819664731232554,0.544900419000405,0.176729346025636,"Day0"
-0.205033486484431,0.906419505526431,-0.369276250822145,"Day0"
-0.301366168136746,0.858776059454683,-0.414345402303515,"Day0"
-0.443765711350646,0.884782419391484,-0.142239459241124,"Day0"
-0.649846829250926,0.752475630964394,-0.107142537384809,"Day0"
-0.716372258318553,0.69520377206498,0.0591819467253323,"Day0"
-0.586170480268013,0.806507502015951,-0.0771350585295534,"Day0"
-0.509617078981052,0.809108271386554,-0.292633282428165,"Day0"
-0.646591171878053,0.762769872513159,-0.0100984174812727,"Day0"
-0.55503949571213,0.651164625024269,-0.517605824268456,"Day0"
-0.603526398637403,0.791028847083897,-0.100146139360869,"Day0"
-0.379106608359992,0.84043648142601,-0.387226936286788,"Day0"
-0.759732094262429,0.647250346260537,0.0622425434348369,"Day0"
-0.341267216158006,0.908552601903253,-0.240974805219537,"Day0"
-0.789054523830311,0.322850471245524,0.522647617080059,"Day0"
-0.345603513116106,0.895894205970572,-0.279162646910657,"Day0"
-0.630196804947496,0.731609962020572,-0.259997789425651,"Day0"
-0.471890653509442,0.858640922881685,-0.200137394515169,"Day0"
-0.624995813109427,0.750618114381101,-0.214365762095176,"Day0"
-0.559748303399068,0.790240942839194,-0.249401461708802,"Day0"
-0.607562410547676,0.725937148136664,-0.322309128391835,"Day0"
-0.524708836668147,0.820467950378267,-0.226964708984561,"Day0"
-0.606217616460453,0.760181118199169,-0.23371963765689,"Day0"
-0.388757841905129,0.871731496946745,-0.298247443556946,"Day0"
-0.711628309372793,0.694731606676405,0.104561675503225,"Day0"
-0.486307007382451,0.77808672152952,-0.39760099138479,"Day0"
-0.427122776040158,0.829280018602147,-0.360362019273634,"Day0"
-0.584650214051759,0.662989517475532,-0.467577829806754,"Day0"
-0.598394783690738,0.788041914492601,-0.144615434357992,"Day0"
-0.614493210617938,0.787248470096037,0.0513608842983453,"Day0"
-0.718144643763177,0.695468731818458,-0.0243210546046964,"Day0"
-0.410968141853652,0.854812654498621,-0.316860398425517,"Day0"
-0.528020197433781,0.56571703642081,-0.63337106486265,"Day0"
-0.651675817244003,0.742192494275902,-0.156425479573742,"Day0"
-0.637774305099437,0.658827391386652,-0.39898672172591,"Day0"
-0.661455575020792,0.738927347031126,0.128307825495778,"Day0"
-0.57624529413887,0.783691851730615,-0.231880233124445,"Day0"
-0.5637194043499,0.805471858965721,-0.182853814763871,"Day0"
-0.681570650990528,0.714669624917431,-0.157190250743249,"Day0"
-0.670633266438819,0.72793172345156,-0.142710994455375,"Day0"
-0.298500925336692,0.808970474575014,-0.506422717538437,"Day0"
-0.673713441961507,0.734374446500562,-0.0824886079854226,"Day0"
-0.572342314613637,0.814750901897683,-0.0927644477136463,"Day0"
-0.32167716683341,0.862339976590526,-0.39101606758787,"Day0"
-0.712204787023088,0.676999727713484,-0.185568612694247,"Day0"
-0.487334211296228,0.863036905229938,-0.132938582478584,"Day0"
-0.543138623407899,0.778109443796808,-0.315509317194906,"Day0"
-0.735856925664908,0.6745299559903,-0.0593626433265477,"Day0"
-0.679823816248027,0.731622112891413,0.0506819769767687,"Day0"
-0.617085607279522,0.774862317811453,-0.137090268525259,"Day0"
-0.500020317082361,0.768084665109481,-0.400032035877767,"Day0"
-0.20472498948761,0.882731152566345,-0.422934263175958,"Day0"
-0.400345151323558,0.877653839386526,-0.263528932039365,"Day0"
-0.588086456619812,0.782177227056293,-0.205798700226417,"Day0"
-0.639094330436549,0.762735631844067,-0.0989585404060292,"Day0"
-0.25222640526342,0.801439980923284,-0.542287559755504,"Day0"
-0.652856176732386,0.7559778841085,0.0477100748396599,"Day0"
-0.717513543788294,0.693927667655772,-0.0603216921362893,"Day0"
-0.538881059675689,0.837033189836948,-0.0947768043045885,"Day0"
-0.6437863373832,0.366421377403926,-0.671769697128513,"Day0"
-0.760276443562811,0.175411715413305,-0.625468192204244,"Day0"
-0.291199625507675,0.810212467869588,-0.508683138125162,"Day0"
-0.647487463111986,0.762069581700322,-0.00315242127589665,"Day0"
-0.303317117612423,0.888506240899075,-0.344318727412097,"Day0"
-0.310747612292826,0.91822306195204,-0.245565327262885,"Day0"
-0.529138818108882,0.835858191993338,-0.146127321360391,"Day0"
-0.275608241800112,0.837705415434176,-0.471476122411417,"Day0"
